"date","latitude","longitude","name","temperature","source"
"2017-01-01T19:59:00",37.7705,-122.4269,"SAN FRANCISCO DOWNTOWN, CA US",NA,6
"2017-01-01T23:59:00",37.7705,-122.4269,"SAN FRANCISCO DOWNTOWN, CA US",NA,6
"2017-01-01T23:59:00",37.7705,-122.4269,"SAN FRANCISCO DOWNTOWN, CA US",NA,6
"2017-01-02T00:59:00",37.7705,-122.4269,"SAN FRANCISCO DOWNTOWN, CA US",NA,6
"2017-01-02T03:59:00",37.7705,-122.4269,"SAN FRANCISCO DOWNTOWN, CA US",NA,6
"2017-01-02T04:59:00",37.7705,-122.4269,"SAN FRANCISCO DOWNTOWN, CA US",NA,6
"2017-01-02T05:59:00",37.7705,-122.4269,"SAN FRANCISCO DOWNTOWN, CA US",NA,6
"2017-01-02T20:59:00",37.7705,-122.4269,"SAN FRANCISCO DOWNTOWN, CA US",NA,6
"2017-01-02T23:59:00",37.7705,-122.4269,"SAN FRANCISCO DOWNTOWN, CA US",NA,6
"2017-01-02T23:59:00",37.7705,-122.4269,"SAN FRANCISCO DOWNTOWN, CA US",NA,6
"2017-01-03T00:59:00",37.7705,-122.4269,"SAN FRANCISCO DOWNTOWN, CA US",NA,6
"2017-01-03T01:59:00",37.7705,-122.4269,"SAN FRANCISCO DOWNTOWN, CA US",NA,6
"2017-01-03T02:59:00",37.7705,-122.4269,"SAN FRANCISCO DOWNTOWN, CA US",NA,6
"2017-01-03T03:59:00",37.7705,-122.4269,"SAN FRANCISCO DOWNTOWN, CA US",NA,6
"2017-01-03T04:59:00",37.7705,-122.4269,"SAN FRANCISCO DOWNTOWN, CA US",NA,6
"2017-01-03T05:59:00",37.7705,-122.4269,"SAN FRANCISCO DOWNTOWN, CA US",NA,6
"2017-01-03T06:59:00",37.7705,-122.4269,"SAN FRANCISCO DOWNTOWN, CA US",NA,6
"2017-01-03T07:59:00",37.7705,-122.4269,"SAN FRANCISCO DOWNTOWN, CA US",NA,6
"2017-01-03T11:59:00",37.7705,-122.4269,"SAN FRANCISCO DOWNTOWN, CA US",NA,6
"2017-01-03T12:59:00",37.7705,-122.4269,"SAN FRANCISCO DOWNTOWN, CA US",NA,6
"2017-01-03T13:59:00",37.7705,-122.4269,"SAN FRANCISCO DOWNTOWN, CA US",NA,6
"2017-01-03T14:59:00",37.7705,-122.4269,"SAN FRANCISCO DOWNTOWN, CA US",NA,6
"2017-01-03T15:59:00",37.7705,-122.4269,"SAN FRANCISCO DOWNTOWN, CA US",NA,6
"2017-01-03T16:59:00",37.7705,-122.4269,"SAN FRANCISCO DOWNTOWN, CA US",NA,6
"2017-01-03T17:59:00",37.7705,-122.4269,"SAN FRANCISCO DOWNTOWN, CA US",NA,6
"2017-01-03T18:59:00",37.7705,-122.4269,"SAN FRANCISCO DOWNTOWN, CA US",NA,6
"2017-01-03T19:59:00",37.7705,-122.4269,"SAN FRANCISCO DOWNTOWN, CA US",NA,6
"2017-01-03T20:59:00",37.7705,-122.4269,"SAN FRANCISCO DOWNTOWN, CA US",NA,6
"2017-01-03T21:59:00",37.7705,-122.4269,"SAN FRANCISCO DOWNTOWN, CA US",NA,6
"2017-01-03T23:59:00",37.7705,-122.4269,"SAN FRANCISCO DOWNTOWN, CA US",NA,6
"2017-01-04T00:59:00",37.7705,-122.4269,"SAN FRANCISCO DOWNTOWN, CA US",NA,6
"2017-01-04T01:59:00",37.7705,-122.4269,"SAN FRANCISCO DOWNTOWN, CA US",NA,6
"2017-01-04T02:59:00",37.7705,-122.4269,"SAN FRANCISCO DOWNTOWN, CA US",NA,6
"2017-01-04T03:59:00",37.7705,-122.4269,"SAN FRANCISCO DOWNTOWN, CA US",NA,6
"2017-01-04T04:59:00",37.7705,-122.4269,"SAN FRANCISCO DOWNTOWN, CA US",NA,6
"2017-01-04T05:59:00",37.7705,-122.4269,"SAN FRANCISCO DOWNTOWN, CA US",NA,6
"2017-01-04T06:59:00",37.7705,-122.4269,"SAN FRANCISCO DOWNTOWN, CA US",NA,6
"2017-01-04T14:59:00",37.7705,-122.4269,"SAN FRANCISCO DOWNTOWN, CA US",NA,6
"2017-01-04T15:59:00",37.7705,-122.4269,"SAN FRANCISCO DOWNTOWN, CA US",NA,6
"2017-01-04T16:59:00",37.7705,-122.4269,"SAN FRANCISCO DOWNTOWN, CA US",NA,6
"2017-01-04T17:59:00",37.7705,-122.4269,"SAN FRANCISCO DOWNTOWN, CA US",NA,6
"2017-01-04T18:59:00",37.7705,-122.4269,"SAN FRANCISCO DOWNTOWN, CA US",NA,6
"2017-01-04T19:59:00",37.7705,-122.4269,"SAN FRANCISCO DOWNTOWN, CA US",NA,6
"2017-01-04T20:59:00",37.7705,-122.4269,"SAN FRANCISCO DOWNTOWN, CA US",NA,6
"2017-01-04T21:59:00",37.7705,-122.4269,"SAN FRANCISCO DOWNTOWN, CA US",NA,6
"2017-01-04T22:59:00",37.7705,-122.4269,"SAN FRANCISCO DOWNTOWN, CA US",NA,6
"2017-01-04T23:59:00",37.7705,-122.4269,"SAN FRANCISCO DOWNTOWN, CA US",NA,6
"2017-01-04T23:59:00",37.7705,-122.4269,"SAN FRANCISCO DOWNTOWN, CA US",NA,6
"2017-01-05T10:59:00",37.7705,-122.4269,"SAN FRANCISCO DOWNTOWN, CA US",NA,6
"2017-01-05T23:59:00",37.7705,-122.4269,"SAN FRANCISCO DOWNTOWN, CA US",NA,6
"2017-01-06T23:59:00",37.7705,-122.4269,"SAN FRANCISCO DOWNTOWN, CA US",NA,6
"2017-01-07T01:59:00",37.7705,-122.4269,"SAN FRANCISCO DOWNTOWN, CA US",NA,6
"2017-01-07T02:59:00",37.7705,-122.4269,"SAN FRANCISCO DOWNTOWN, CA US",NA,6
"2017-01-07T04:59:00",37.7705,-122.4269,"SAN FRANCISCO DOWNTOWN, CA US",NA,6
"2017-01-07T05:59:00",37.7705,-122.4269,"SAN FRANCISCO DOWNTOWN, CA US",NA,6
"2017-01-07T06:59:00",37.7705,-122.4269,"SAN FRANCISCO DOWNTOWN, CA US",NA,6
"2017-01-07T07:59:00",37.7705,-122.4269,"SAN FRANCISCO DOWNTOWN, CA US",NA,6
"2017-01-07T08:59:00",37.7705,-122.4269,"SAN FRANCISCO DOWNTOWN, CA US",NA,6
"2017-01-07T11:59:00",37.7705,-122.4269,"SAN FRANCISCO DOWNTOWN, CA US",NA,6
"2017-01-07T20:59:00",37.7705,-122.4269,"SAN FRANCISCO DOWNTOWN, CA US",NA,6
"2017-01-07T21:59:00",37.7705,-122.4269,"SAN FRANCISCO DOWNTOWN, CA US",NA,6
"2017-01-07T22:59:00",37.7705,-122.4269,"SAN FRANCISCO DOWNTOWN, CA US",NA,6
"2017-01-07T23:59:00",37.7705,-122.4269,"SAN FRANCISCO DOWNTOWN, CA US",NA,6
"2017-01-07T23:59:00",37.7705,-122.4269,"SAN FRANCISCO DOWNTOWN, CA US",NA,6
"2017-01-08T00:59:00",37.7705,-122.4269,"SAN FRANCISCO DOWNTOWN, CA US",NA,6
"2017-01-08T01:59:00",37.7705,-122.4269,"SAN FRANCISCO DOWNTOWN, CA US",NA,6
"2017-01-08T02:59:00",37.7705,-122.4269,"SAN FRANCISCO DOWNTOWN, CA US",NA,6
"2017-01-08T03:59:00",37.7705,-122.4269,"SAN FRANCISCO DOWNTOWN, CA US",NA,6
"2017-01-08T04:59:00",37.7705,-122.4269,"SAN FRANCISCO DOWNTOWN, CA US",NA,6
"2017-01-08T05:59:00",37.7705,-122.4269,"SAN FRANCISCO DOWNTOWN, CA US",NA,6
"2017-01-08T06:59:00",37.7705,-122.4269,"SAN FRANCISCO DOWNTOWN, CA US",NA,6
"2017-01-08T07:59:00",37.7705,-122.4269,"SAN FRANCISCO DOWNTOWN, CA US",NA,6
"2017-01-08T08:59:00",37.7705,-122.4269,"SAN FRANCISCO DOWNTOWN, CA US",NA,6
"2017-01-08T09:59:00",37.7705,-122.4269,"SAN FRANCISCO DOWNTOWN, CA US",NA,6
"2017-01-08T10:59:00",37.7705,-122.4269,"SAN FRANCISCO DOWNTOWN, CA US",NA,6
"2017-01-08T11:59:00",37.7705,-122.4269,"SAN FRANCISCO DOWNTOWN, CA US",NA,6
"2017-01-08T12:59:00",37.7705,-122.4269,"SAN FRANCISCO DOWNTOWN, CA US",NA,6
"2017-01-08T13:59:00",37.7705,-122.4269,"SAN FRANCISCO DOWNTOWN, CA US",NA,6
"2017-01-08T15:59:00",37.7705,-122.4269,"SAN FRANCISCO DOWNTOWN, CA US",NA,6
"2017-01-08T17:59:00",37.7705,-122.4269,"SAN FRANCISCO DOWNTOWN, CA US",NA,6
"2017-01-08T18:59:00",37.7705,-122.4269,"SAN FRANCISCO DOWNTOWN, CA US",NA,6
"2017-01-08T19:59:00",37.7705,-122.4269,"SAN FRANCISCO DOWNTOWN, CA US",NA,6
"2017-01-08T23:59:00",37.7705,-122.4269,"SAN FRANCISCO DOWNTOWN, CA US",NA,6
"2017-01-08T23:59:00",37.7705,-122.4269,"SAN FRANCISCO DOWNTOWN, CA US",NA,6
"2017-01-09T00:59:00",37.7705,-122.4269,"SAN FRANCISCO DOWNTOWN, CA US",NA,6
"2017-01-09T02:59:00",37.7705,-122.4269,"SAN FRANCISCO DOWNTOWN, CA US",NA,6
"2017-01-09T15:59:00",37.7705,-122.4269,"SAN FRANCISCO DOWNTOWN, CA US",NA,6
"2017-01-09T16:59:00",37.7705,-122.4269,"SAN FRANCISCO DOWNTOWN, CA US",NA,6
"2017-01-09T18:59:00",37.7705,-122.4269,"SAN FRANCISCO DOWNTOWN, CA US",NA,6
"2017-01-09T19:59:00",37.7705,-122.4269,"SAN FRANCISCO DOWNTOWN, CA US",NA,6
"2017-01-09T21:59:00",37.7705,-122.4269,"SAN FRANCISCO DOWNTOWN, CA US",NA,6
"2017-01-09T22:59:00",37.7705,-122.4269,"SAN FRANCISCO DOWNTOWN, CA US",NA,6
"2017-01-09T23:59:00",37.7705,-122.4269,"SAN FRANCISCO DOWNTOWN, CA US",NA,6
"2017-01-09T23:59:00",37.7705,-122.4269,"SAN FRANCISCO DOWNTOWN, CA US",NA,6
"2017-01-10T00:59:00",37.7705,-122.4269,"SAN FRANCISCO DOWNTOWN, CA US",NA,6
"2017-01-10T01:59:00",37.7705,-122.4269,"SAN FRANCISCO DOWNTOWN, CA US",NA,6
"2017-01-10T02:59:00",37.7705,-122.4269,"SAN FRANCISCO DOWNTOWN, CA US",NA,6
"2017-01-10T03:59:00",37.7705,-122.4269,"SAN FRANCISCO DOWNTOWN, CA US",NA,6
"2017-01-10T04:59:00",37.7705,-122.4269,"SAN FRANCISCO DOWNTOWN, CA US",NA,6
"2017-01-10T05:59:00",37.7705,-122.4269,"SAN FRANCISCO DOWNTOWN, CA US",NA,6
"2017-01-10T06:59:00",37.7705,-122.4269,"SAN FRANCISCO DOWNTOWN, CA US",NA,6
"2017-01-10T07:59:00",37.7705,-122.4269,"SAN FRANCISCO DOWNTOWN, CA US",NA,6
"2017-01-10T08:59:00",37.7705,-122.4269,"SAN FRANCISCO DOWNTOWN, CA US",NA,6
"2017-01-10T09:59:00",37.7705,-122.4269,"SAN FRANCISCO DOWNTOWN, CA US",NA,6
"2017-01-10T10:59:00",37.7705,-122.4269,"SAN FRANCISCO DOWNTOWN, CA US",NA,6
"2017-01-10T11:59:00",37.7705,-122.4269,"SAN FRANCISCO DOWNTOWN, CA US",NA,6
"2017-01-10T12:59:00",37.7705,-122.4269,"SAN FRANCISCO DOWNTOWN, CA US",NA,6
"2017-01-10T13:59:00",37.7705,-122.4269,"SAN FRANCISCO DOWNTOWN, CA US",NA,6
"2017-01-10T14:59:00",37.7705,-122.4269,"SAN FRANCISCO DOWNTOWN, CA US",NA,6
"2017-01-10T15:59:00",37.7705,-122.4269,"SAN FRANCISCO DOWNTOWN, CA US",NA,6
"2017-01-10T16:59:00",37.7705,-122.4269,"SAN FRANCISCO DOWNTOWN, CA US",NA,6
"2017-01-10T17:59:00",37.7705,-122.4269,"SAN FRANCISCO DOWNTOWN, CA US",NA,6
"2017-01-10T18:59:00",37.7705,-122.4269,"SAN FRANCISCO DOWNTOWN, CA US",NA,6
"2017-01-10T19:59:00",37.7705,-122.4269,"SAN FRANCISCO DOWNTOWN, CA US",NA,6
"2017-01-10T20:59:00",37.7705,-122.4269,"SAN FRANCISCO DOWNTOWN, CA US",NA,6
"2017-01-10T23:59:00",37.7705,-122.4269,"SAN FRANCISCO DOWNTOWN, CA US",NA,6
"2017-01-10T23:59:00",37.7705,-122.4269,"SAN FRANCISCO DOWNTOWN, CA US",NA,6
"2017-01-11T06:59:00",37.7705,-122.4269,"SAN FRANCISCO DOWNTOWN, CA US",NA,6
"2017-01-11T19:59:00",37.7705,-122.4269,"SAN FRANCISCO DOWNTOWN, CA US",NA,6
"2017-01-11T20:59:00",37.7705,-122.4269,"SAN FRANCISCO DOWNTOWN, CA US",NA,6
"2017-01-11T22:59:00",37.7705,-122.4269,"SAN FRANCISCO DOWNTOWN, CA US",NA,6
"2017-01-11T23:59:00",37.7705,-122.4269,"SAN FRANCISCO DOWNTOWN, CA US",NA,6
"2017-01-11T23:59:00",37.7705,-122.4269,"SAN FRANCISCO DOWNTOWN, CA US",NA,6
"2017-01-12T00:59:00",37.7705,-122.4269,"SAN FRANCISCO DOWNTOWN, CA US",NA,6
"2017-01-12T01:59:00",37.7705,-122.4269,"SAN FRANCISCO DOWNTOWN, CA US",NA,6
"2017-01-12T02:59:00",37.7705,-122.4269,"SAN FRANCISCO DOWNTOWN, CA US",NA,6
"2017-01-12T03:59:00",37.7705,-122.4269,"SAN FRANCISCO DOWNTOWN, CA US",NA,6
"2017-01-12T04:59:00",37.7705,-122.4269,"SAN FRANCISCO DOWNTOWN, CA US",NA,6
"2017-01-12T05:59:00",37.7705,-122.4269,"SAN FRANCISCO DOWNTOWN, CA US",NA,6
"2017-01-12T06:59:00",37.7705,-122.4269,"SAN FRANCISCO DOWNTOWN, CA US",NA,6
"2017-01-12T07:59:00",37.7705,-122.4269,"SAN FRANCISCO DOWNTOWN, CA US",NA,6
"2017-01-12T15:59:00",37.7705,-122.4269,"SAN FRANCISCO DOWNTOWN, CA US",NA,6
"2017-01-12T23:59:00",37.7705,-122.4269,"SAN FRANCISCO DOWNTOWN, CA US",NA,6
"2017-01-13T23:59:00",37.7705,-122.4269,"SAN FRANCISCO DOWNTOWN, CA US",NA,6
"2017-01-14T23:59:00",37.7705,-122.4269,"SAN FRANCISCO DOWNTOWN, CA US",NA,6
"2017-01-15T23:59:00",37.7705,-122.4269,"SAN FRANCISCO DOWNTOWN, CA US",NA,6
"2017-01-16T23:59:00",37.7705,-122.4269,"SAN FRANCISCO DOWNTOWN, CA US",NA,6
"2017-01-17T23:59:00",37.7705,-122.4269,"SAN FRANCISCO DOWNTOWN, CA US",NA,6
"2017-01-18T04:59:00",37.7705,-122.4269,"SAN FRANCISCO DOWNTOWN, CA US",NA,6
"2017-01-18T05:59:00",37.7705,-122.4269,"SAN FRANCISCO DOWNTOWN, CA US",NA,6
"2017-01-18T09:59:00",37.7705,-122.4269,"SAN FRANCISCO DOWNTOWN, CA US",NA,6
"2017-01-18T10:59:00",37.7705,-122.4269,"SAN FRANCISCO DOWNTOWN, CA US",NA,6
"2017-01-18T11:59:00",37.7705,-122.4269,"SAN FRANCISCO DOWNTOWN, CA US",NA,6
"2017-01-18T12:59:00",37.7705,-122.4269,"SAN FRANCISCO DOWNTOWN, CA US",NA,6
"2017-01-18T13:59:00",37.7705,-122.4269,"SAN FRANCISCO DOWNTOWN, CA US",NA,6
"2017-01-18T14:59:00",37.7705,-122.4269,"SAN FRANCISCO DOWNTOWN, CA US",NA,6
"2017-01-18T15:59:00",37.7705,-122.4269,"SAN FRANCISCO DOWNTOWN, CA US",NA,6
"2017-01-18T16:59:00",37.7705,-122.4269,"SAN FRANCISCO DOWNTOWN, CA US",NA,6
"2017-01-18T17:59:00",37.7705,-122.4269,"SAN FRANCISCO DOWNTOWN, CA US",NA,6
"2017-01-18T18:59:00",37.7705,-122.4269,"SAN FRANCISCO DOWNTOWN, CA US",NA,6
"2017-01-18T19:59:00",37.7705,-122.4269,"SAN FRANCISCO DOWNTOWN, CA US",NA,6
"2017-01-18T20:59:00",37.7705,-122.4269,"SAN FRANCISCO DOWNTOWN, CA US",NA,6
"2017-01-18T23:59:00",37.7705,-122.4269,"SAN FRANCISCO DOWNTOWN, CA US",NA,6
"2017-01-19T05:59:00",37.7705,-122.4269,"SAN FRANCISCO DOWNTOWN, CA US",NA,6
"2017-01-19T10:59:00",37.7705,-122.4269,"SAN FRANCISCO DOWNTOWN, CA US",NA,6
"2017-01-19T22:59:00",37.7705,-122.4269,"SAN FRANCISCO DOWNTOWN, CA US",NA,6
"2017-01-19T23:59:00",37.7705,-122.4269,"SAN FRANCISCO DOWNTOWN, CA US",NA,6
"2017-01-20T00:59:00",37.7705,-122.4269,"SAN FRANCISCO DOWNTOWN, CA US",NA,6
"2017-01-20T01:59:00",37.7705,-122.4269,"SAN FRANCISCO DOWNTOWN, CA US",NA,6
"2017-01-20T02:59:00",37.7705,-122.4269,"SAN FRANCISCO DOWNTOWN, CA US",NA,6
"2017-01-20T03:59:00",37.7705,-122.4269,"SAN FRANCISCO DOWNTOWN, CA US",NA,6
"2017-01-20T04:59:00",37.7705,-122.4269,"SAN FRANCISCO DOWNTOWN, CA US",NA,6
"2017-01-20T06:59:00",37.7705,-122.4269,"SAN FRANCISCO DOWNTOWN, CA US",NA,6
"2017-01-20T07:59:00",37.7705,-122.4269,"SAN FRANCISCO DOWNTOWN, CA US",NA,6
"2017-01-20T08:59:00",37.7705,-122.4269,"SAN FRANCISCO DOWNTOWN, CA US",NA,6
"2017-01-20T13:59:00",37.7705,-122.4269,"SAN FRANCISCO DOWNTOWN, CA US",NA,6
"2017-01-20T16:59:00",37.7705,-122.4269,"SAN FRANCISCO DOWNTOWN, CA US",NA,6
"2017-01-20T17:59:00",37.7705,-122.4269,"SAN FRANCISCO DOWNTOWN, CA US",NA,6
"2017-01-20T20:59:00",37.7705,-122.4269,"SAN FRANCISCO DOWNTOWN, CA US",NA,6
"2017-01-20T21:59:00",37.7705,-122.4269,"SAN FRANCISCO DOWNTOWN, CA US",NA,6
"2017-01-20T23:59:00",37.7705,-122.4269,"SAN FRANCISCO DOWNTOWN, CA US",NA,6
"2017-01-21T00:59:00",37.7705,-122.4269,"SAN FRANCISCO DOWNTOWN, CA US",NA,6
"2017-01-21T02:59:00",37.7705,-122.4269,"SAN FRANCISCO DOWNTOWN, CA US",NA,6
"2017-01-21T04:59:00",37.7705,-122.4269,"SAN FRANCISCO DOWNTOWN, CA US",NA,6
"2017-01-21T05:59:00",37.7705,-122.4269,"SAN FRANCISCO DOWNTOWN, CA US",NA,6
"2017-01-21T17:59:00",37.7705,-122.4269,"SAN FRANCISCO DOWNTOWN, CA US",NA,6
"2017-01-21T18:59:00",37.7705,-122.4269,"SAN FRANCISCO DOWNTOWN, CA US",NA,6
"2017-01-21T19:59:00",37.7705,-122.4269,"SAN FRANCISCO DOWNTOWN, CA US",NA,6
"2017-01-21T20:59:00",37.7705,-122.4269,"SAN FRANCISCO DOWNTOWN, CA US",NA,6
"2017-01-21T21:59:00",37.7705,-122.4269,"SAN FRANCISCO DOWNTOWN, CA US",NA,6
"2017-01-21T22:59:00",37.7705,-122.4269,"SAN FRANCISCO DOWNTOWN, CA US",NA,6
"2017-01-21T23:59:00",37.7705,-122.4269,"SAN FRANCISCO DOWNTOWN, CA US",NA,6
"2017-01-21T23:59:00",37.7705,-122.4269,"SAN FRANCISCO DOWNTOWN, CA US",NA,6
"2017-01-22T00:59:00",37.7705,-122.4269,"SAN FRANCISCO DOWNTOWN, CA US",NA,6
"2017-01-22T01:59:00",37.7705,-122.4269,"SAN FRANCISCO DOWNTOWN, CA US",NA,6
"2017-01-22T02:59:00",37.7705,-122.4269,"SAN FRANCISCO DOWNTOWN, CA US",NA,6
"2017-01-22T03:59:00",37.7705,-122.4269,"SAN FRANCISCO DOWNTOWN, CA US",NA,6
"2017-01-22T04:59:00",37.7705,-122.4269,"SAN FRANCISCO DOWNTOWN, CA US",NA,6
"2017-01-22T05:59:00",37.7705,-122.4269,"SAN FRANCISCO DOWNTOWN, CA US",NA,6
"2017-01-22T06:59:00",37.7705,-122.4269,"SAN FRANCISCO DOWNTOWN, CA US",NA,6
"2017-01-22T10:59:00",37.7705,-122.4269,"SAN FRANCISCO DOWNTOWN, CA US",NA,6
"2017-01-22T14:59:00",37.7705,-122.4269,"SAN FRANCISCO DOWNTOWN, CA US",NA,6
"2017-01-22T15:59:00",37.7705,-122.4269,"SAN FRANCISCO DOWNTOWN, CA US",NA,6
"2017-01-22T16:59:00",37.7705,-122.4269,"SAN FRANCISCO DOWNTOWN, CA US",NA,6
"2017-01-22T17:59:00",37.7705,-122.4269,"SAN FRANCISCO DOWNTOWN, CA US",NA,6
"2017-01-22T21:59:00",37.7705,-122.4269,"SAN FRANCISCO DOWNTOWN, CA US",NA,6
"2017-01-22T22:59:00",37.7705,-122.4269,"SAN FRANCISCO DOWNTOWN, CA US",NA,6
"2017-01-22T23:59:00",37.7705,-122.4269,"SAN FRANCISCO DOWNTOWN, CA US",NA,6
"2017-01-22T23:59:00",37.7705,-122.4269,"SAN FRANCISCO DOWNTOWN, CA US",NA,6
"2017-01-23T00:59:00",37.7705,-122.4269,"SAN FRANCISCO DOWNTOWN, CA US",NA,6
"2017-01-23T01:59:00",37.7705,-122.4269,"SAN FRANCISCO DOWNTOWN, CA US",NA,6
"2017-01-23T03:59:00",37.7705,-122.4269,"SAN FRANCISCO DOWNTOWN, CA US",NA,6
"2017-01-23T05:59:00",37.7705,-122.4269,"SAN FRANCISCO DOWNTOWN, CA US",NA,6
"2017-01-23T10:59:00",37.7705,-122.4269,"SAN FRANCISCO DOWNTOWN, CA US",NA,6
"2017-01-23T11:59:00",37.7705,-122.4269,"SAN FRANCISCO DOWNTOWN, CA US",NA,6
"2017-01-23T15:59:00",37.7705,-122.4269,"SAN FRANCISCO DOWNTOWN, CA US",NA,6
"2017-01-23T18:59:00",37.7705,-122.4269,"SAN FRANCISCO DOWNTOWN, CA US",NA,6
"2017-01-23T19:59:00",37.7705,-122.4269,"SAN FRANCISCO DOWNTOWN, CA US",NA,6
"2017-01-23T21:59:00",37.7705,-122.4269,"SAN FRANCISCO DOWNTOWN, CA US",NA,6
"2017-01-23T22:59:00",37.7705,-122.4269,"SAN FRANCISCO DOWNTOWN, CA US",NA,6
"2017-01-23T23:59:00",37.7705,-122.4269,"SAN FRANCISCO DOWNTOWN, CA US",NA,6
"2017-01-24T23:59:00",37.7705,-122.4269,"SAN FRANCISCO DOWNTOWN, CA US",NA,6
"2017-01-25T23:59:00",37.7705,-122.4269,"SAN FRANCISCO DOWNTOWN, CA US",NA,6
"2017-01-26T23:59:00",37.7705,-122.4269,"SAN FRANCISCO DOWNTOWN, CA US",NA,6
"2017-01-27T23:59:00",37.7705,-122.4269,"SAN FRANCISCO DOWNTOWN, CA US",NA,6
"2017-01-28T23:59:00",37.7705,-122.4269,"SAN FRANCISCO DOWNTOWN, CA US",NA,6
"2017-01-29T23:59:00",37.7705,-122.4269,"SAN FRANCISCO DOWNTOWN, CA US",NA,6
"2017-01-30T23:59:00",37.7705,-122.4269,"SAN FRANCISCO DOWNTOWN, CA US",NA,6
"2017-01-31T23:59:00",37.7705,-122.4269,"SAN FRANCISCO DOWNTOWN, CA US",NA,6
"2017-01-31T23:59:00",37.7705,-122.4269,"SAN FRANCISCO DOWNTOWN, CA US",NA,6
"2017-02-01T23:59:00",37.7705,-122.4269,"SAN FRANCISCO DOWNTOWN, CA US",NA,6
"2017-02-02T00:59:00",37.7705,-122.4269,"SAN FRANCISCO DOWNTOWN, CA US",NA,6
"2017-02-02T01:59:00",37.7705,-122.4269,"SAN FRANCISCO DOWNTOWN, CA US",NA,6
"2017-02-02T02:59:00",37.7705,-122.4269,"SAN FRANCISCO DOWNTOWN, CA US",NA,6
"2017-02-02T03:59:00",37.7705,-122.4269,"SAN FRANCISCO DOWNTOWN, CA US",NA,6
"2017-02-02T06:59:00",37.7705,-122.4269,"SAN FRANCISCO DOWNTOWN, CA US",NA,6
"2017-02-02T21:59:00",37.7705,-122.4269,"SAN FRANCISCO DOWNTOWN, CA US",NA,6
"2017-02-02T22:59:00",37.7705,-122.4269,"SAN FRANCISCO DOWNTOWN, CA US",NA,6
"2017-02-02T23:59:00",37.7705,-122.4269,"SAN FRANCISCO DOWNTOWN, CA US",NA,6
"2017-02-03T03:59:00",37.7705,-122.4269,"SAN FRANCISCO DOWNTOWN, CA US",NA,6
"2017-02-03T04:59:00",37.7705,-122.4269,"SAN FRANCISCO DOWNTOWN, CA US",NA,6
"2017-02-03T05:59:00",37.7705,-122.4269,"SAN FRANCISCO DOWNTOWN, CA US",NA,6
"2017-02-03T06:59:00",37.7705,-122.4269,"SAN FRANCISCO DOWNTOWN, CA US",NA,6
"2017-02-03T21:59:00",37.7705,-122.4269,"SAN FRANCISCO DOWNTOWN, CA US",NA,6
"2017-02-03T22:59:00",37.7705,-122.4269,"SAN FRANCISCO DOWNTOWN, CA US",NA,6
"2017-02-03T23:59:00",37.7705,-122.4269,"SAN FRANCISCO DOWNTOWN, CA US",NA,6
"2017-02-04T00:59:00",37.7705,-122.4269,"SAN FRANCISCO DOWNTOWN, CA US",NA,6
"2017-02-04T02:59:00",37.7705,-122.4269,"SAN FRANCISCO DOWNTOWN, CA US",NA,6
"2017-02-04T03:59:00",37.7705,-122.4269,"SAN FRANCISCO DOWNTOWN, CA US",NA,6
"2017-02-04T04:59:00",37.7705,-122.4269,"SAN FRANCISCO DOWNTOWN, CA US",NA,6
"2017-02-04T05:59:00",37.7705,-122.4269,"SAN FRANCISCO DOWNTOWN, CA US",NA,6
"2017-02-04T07:59:00",37.7705,-122.4269,"SAN FRANCISCO DOWNTOWN, CA US",NA,6
"2017-02-04T10:59:00",37.7705,-122.4269,"SAN FRANCISCO DOWNTOWN, CA US",NA,6
"2017-02-04T11:59:00",37.7705,-122.4269,"SAN FRANCISCO DOWNTOWN, CA US",NA,6
"2017-02-04T12:59:00",37.7705,-122.4269,"SAN FRANCISCO DOWNTOWN, CA US",NA,6
"2017-02-04T23:59:00",37.7705,-122.4269,"SAN FRANCISCO DOWNTOWN, CA US",NA,6
"2017-02-05T17:59:00",37.7705,-122.4269,"SAN FRANCISCO DOWNTOWN, CA US",NA,6
"2017-02-05T18:59:00",37.7705,-122.4269,"SAN FRANCISCO DOWNTOWN, CA US",NA,6
"2017-02-05T19:59:00",37.7705,-122.4269,"SAN FRANCISCO DOWNTOWN, CA US",NA,6
"2017-02-05T20:59:00",37.7705,-122.4269,"SAN FRANCISCO DOWNTOWN, CA US",NA,6
"2017-02-05T23:59:00",37.7705,-122.4269,"SAN FRANCISCO DOWNTOWN, CA US",NA,6
"2017-02-06T07:59:00",37.7705,-122.4269,"SAN FRANCISCO DOWNTOWN, CA US",NA,6
"2017-02-06T08:59:00",37.7705,-122.4269,"SAN FRANCISCO DOWNTOWN, CA US",NA,6
"2017-02-06T09:59:00",37.7705,-122.4269,"SAN FRANCISCO DOWNTOWN, CA US",NA,6
"2017-02-06T10:59:00",37.7705,-122.4269,"SAN FRANCISCO DOWNTOWN, CA US",NA,6
"2017-02-06T15:59:00",37.7705,-122.4269,"SAN FRANCISCO DOWNTOWN, CA US",NA,6
"2017-02-06T17:59:00",37.7705,-122.4269,"SAN FRANCISCO DOWNTOWN, CA US",NA,6
"2017-02-06T18:59:00",37.7705,-122.4269,"SAN FRANCISCO DOWNTOWN, CA US",NA,6
"2017-02-06T19:59:00",37.7705,-122.4269,"SAN FRANCISCO DOWNTOWN, CA US",NA,6
"2017-02-06T20:59:00",37.7705,-122.4269,"SAN FRANCISCO DOWNTOWN, CA US",NA,6
"2017-02-06T21:59:00",37.7705,-122.4269,"SAN FRANCISCO DOWNTOWN, CA US",NA,6
"2017-02-06T22:59:00",37.7705,-122.4269,"SAN FRANCISCO DOWNTOWN, CA US",NA,6
"2017-02-06T23:59:00",37.7705,-122.4269,"SAN FRANCISCO DOWNTOWN, CA US",NA,6
"2017-02-06T23:59:00",37.7705,-122.4269,"SAN FRANCISCO DOWNTOWN, CA US",NA,6
"2017-02-07T00:59:00",37.7705,-122.4269,"SAN FRANCISCO DOWNTOWN, CA US",NA,6
"2017-02-07T01:59:00",37.7705,-122.4269,"SAN FRANCISCO DOWNTOWN, CA US",NA,6
"2017-02-07T02:59:00",37.7705,-122.4269,"SAN FRANCISCO DOWNTOWN, CA US",NA,6
"2017-02-07T03:59:00",37.7705,-122.4269,"SAN FRANCISCO DOWNTOWN, CA US",NA,6
"2017-02-07T04:59:00",37.7705,-122.4269,"SAN FRANCISCO DOWNTOWN, CA US",NA,6
"2017-02-07T05:59:00",37.7705,-122.4269,"SAN FRANCISCO DOWNTOWN, CA US",NA,6
"2017-02-07T06:59:00",37.7705,-122.4269,"SAN FRANCISCO DOWNTOWN, CA US",NA,6
"2017-02-07T07:59:00",37.7705,-122.4269,"SAN FRANCISCO DOWNTOWN, CA US",NA,6
"2017-02-07T08:59:00",37.7705,-122.4269,"SAN FRANCISCO DOWNTOWN, CA US",NA,6
"2017-02-07T09:59:00",37.7705,-122.4269,"SAN FRANCISCO DOWNTOWN, CA US",NA,6
"2017-02-07T15:59:00",37.7705,-122.4269,"SAN FRANCISCO DOWNTOWN, CA US",NA,6
"2017-02-07T22:59:00",37.7705,-122.4269,"SAN FRANCISCO DOWNTOWN, CA US",NA,6
"2017-02-07T23:59:00",37.7705,-122.4269,"SAN FRANCISCO DOWNTOWN, CA US",NA,6
"2017-02-07T23:59:00",37.7705,-122.4269,"SAN FRANCISCO DOWNTOWN, CA US",NA,6
"2017-02-08T00:59:00",37.7705,-122.4269,"SAN FRANCISCO DOWNTOWN, CA US",NA,6
"2017-02-08T01:59:00",37.7705,-122.4269,"SAN FRANCISCO DOWNTOWN, CA US",NA,6
"2017-02-08T02:59:00",37.7705,-122.4269,"SAN FRANCISCO DOWNTOWN, CA US",NA,6
"2017-02-08T05:59:00",37.7705,-122.4269,"SAN FRANCISCO DOWNTOWN, CA US",NA,6
"2017-02-08T06:59:00",37.7705,-122.4269,"SAN FRANCISCO DOWNTOWN, CA US",NA,6
"2017-02-08T07:59:00",37.7705,-122.4269,"SAN FRANCISCO DOWNTOWN, CA US",NA,6
"2017-02-08T08:59:00",37.7705,-122.4269,"SAN FRANCISCO DOWNTOWN, CA US",NA,6
"2017-02-08T09:59:00",37.7705,-122.4269,"SAN FRANCISCO DOWNTOWN, CA US",NA,6
"2017-02-08T10:59:00",37.7705,-122.4269,"SAN FRANCISCO DOWNTOWN, CA US",NA,6
"2017-02-08T11:59:00",37.7705,-122.4269,"SAN FRANCISCO DOWNTOWN, CA US",NA,6
"2017-02-08T12:59:00",37.7705,-122.4269,"SAN FRANCISCO DOWNTOWN, CA US",NA,6
"2017-02-08T13:59:00",37.7705,-122.4269,"SAN FRANCISCO DOWNTOWN, CA US",NA,6
"2017-02-08T23:59:00",37.7705,-122.4269,"SAN FRANCISCO DOWNTOWN, CA US",NA,6
"2017-02-09T06:59:00",37.7705,-122.4269,"SAN FRANCISCO DOWNTOWN, CA US",NA,6
"2017-02-09T07:59:00",37.7705,-122.4269,"SAN FRANCISCO DOWNTOWN, CA US",NA,6
"2017-02-09T08:59:00",37.7705,-122.4269,"SAN FRANCISCO DOWNTOWN, CA US",NA,6
"2017-02-09T09:59:00",37.7705,-122.4269,"SAN FRANCISCO DOWNTOWN, CA US",NA,6
"2017-02-09T10:59:00",37.7705,-122.4269,"SAN FRANCISCO DOWNTOWN, CA US",NA,6
"2017-02-09T11:59:00",37.7705,-122.4269,"SAN FRANCISCO DOWNTOWN, CA US",NA,6
"2017-02-09T12:59:00",37.7705,-122.4269,"SAN FRANCISCO DOWNTOWN, CA US",NA,6
"2017-02-09T13:59:00",37.7705,-122.4269,"SAN FRANCISCO DOWNTOWN, CA US",NA,6
"2017-02-09T14:59:00",37.7705,-122.4269,"SAN FRANCISCO DOWNTOWN, CA US",NA,6
"2017-02-09T15:59:00",37.7705,-122.4269,"SAN FRANCISCO DOWNTOWN, CA US",NA,6
"2017-02-09T16:59:00",37.7705,-122.4269,"SAN FRANCISCO DOWNTOWN, CA US",NA,6
"2017-02-09T17:59:00",37.7705,-122.4269,"SAN FRANCISCO DOWNTOWN, CA US",NA,6
"2017-02-09T23:59:00",37.7705,-122.4269,"SAN FRANCISCO DOWNTOWN, CA US",NA,6
"2017-02-10T01:59:00",37.7705,-122.4269,"SAN FRANCISCO DOWNTOWN, CA US",NA,6
"2017-02-10T02:59:00",37.7705,-122.4269,"SAN FRANCISCO DOWNTOWN, CA US",NA,6
"2017-02-10T03:59:00",37.7705,-122.4269,"SAN FRANCISCO DOWNTOWN, CA US",NA,6
"2017-02-10T04:59:00",37.7705,-122.4269,"SAN FRANCISCO DOWNTOWN, CA US",NA,6
"2017-02-10T23:59:00",37.7705,-122.4269,"SAN FRANCISCO DOWNTOWN, CA US",NA,6
"2017-02-11T23:59:00",37.7705,-122.4269,"SAN FRANCISCO DOWNTOWN, CA US",NA,6
"2017-02-12T23:59:00",37.7705,-122.4269,"SAN FRANCISCO DOWNTOWN, CA US",NA,6
"2017-02-13T23:59:00",37.7705,-122.4269,"SAN FRANCISCO DOWNTOWN, CA US",NA,6
"2017-02-14T23:59:00",37.7705,-122.4269,"SAN FRANCISCO DOWNTOWN, CA US",NA,6
"2017-02-15T23:59:00",37.7705,-122.4269,"SAN FRANCISCO DOWNTOWN, CA US",NA,6
"2017-02-16T03:59:00",37.7705,-122.4269,"SAN FRANCISCO DOWNTOWN, CA US",NA,6
"2017-02-16T04:59:00",37.7705,-122.4269,"SAN FRANCISCO DOWNTOWN, CA US",NA,6
"2017-02-16T05:59:00",37.7705,-122.4269,"SAN FRANCISCO DOWNTOWN, CA US",NA,6
"2017-02-16T06:59:00",37.7705,-122.4269,"SAN FRANCISCO DOWNTOWN, CA US",NA,6
"2017-02-16T08:59:00",37.7705,-122.4269,"SAN FRANCISCO DOWNTOWN, CA US",NA,6
"2017-02-16T23:59:00",37.7705,-122.4269,"SAN FRANCISCO DOWNTOWN, CA US",NA,6
"2017-02-17T02:59:00",37.7705,-122.4269,"SAN FRANCISCO DOWNTOWN, CA US",NA,6
"2017-02-17T03:59:00",37.7705,-122.4269,"SAN FRANCISCO DOWNTOWN, CA US",NA,6
"2017-02-17T04:59:00",37.7705,-122.4269,"SAN FRANCISCO DOWNTOWN, CA US",NA,6
"2017-02-17T05:59:00",37.7705,-122.4269,"SAN FRANCISCO DOWNTOWN, CA US",NA,6
"2017-02-17T06:59:00",37.7705,-122.4269,"SAN FRANCISCO DOWNTOWN, CA US",NA,6
"2017-02-17T07:59:00",37.7705,-122.4269,"SAN FRANCISCO DOWNTOWN, CA US",NA,6
"2017-02-17T08:59:00",37.7705,-122.4269,"SAN FRANCISCO DOWNTOWN, CA US",NA,6
"2017-02-17T09:59:00",37.7705,-122.4269,"SAN FRANCISCO DOWNTOWN, CA US",NA,6
"2017-02-17T10:59:00",37.7705,-122.4269,"SAN FRANCISCO DOWNTOWN, CA US",NA,6
"2017-02-17T11:59:00",37.7705,-122.4269,"SAN FRANCISCO DOWNTOWN, CA US",NA,6
"2017-02-17T13:59:00",37.7705,-122.4269,"SAN FRANCISCO DOWNTOWN, CA US",NA,6
"2017-02-17T14:59:00",37.7705,-122.4269,"SAN FRANCISCO DOWNTOWN, CA US",NA,6
"2017-02-17T15:59:00",37.7705,-122.4269,"SAN FRANCISCO DOWNTOWN, CA US",NA,6
"2017-02-17T16:59:00",37.7705,-122.4269,"SAN FRANCISCO DOWNTOWN, CA US",NA,6
"2017-02-17T17:59:00",37.7705,-122.4269,"SAN FRANCISCO DOWNTOWN, CA US",NA,6
"2017-02-17T18:59:00",37.7705,-122.4269,"SAN FRANCISCO DOWNTOWN, CA US",NA,6
"2017-02-17T19:59:00",37.7705,-122.4269,"SAN FRANCISCO DOWNTOWN, CA US",NA,6
"2017-02-17T20:59:00",37.7705,-122.4269,"SAN FRANCISCO DOWNTOWN, CA US",NA,6
"2017-02-17T23:59:00",37.7705,-122.4269,"SAN FRANCISCO DOWNTOWN, CA US",NA,6
"2017-02-18T01:59:00",37.7705,-122.4269,"SAN FRANCISCO DOWNTOWN, CA US",NA,6
"2017-02-18T02:59:00",37.7705,-122.4269,"SAN FRANCISCO DOWNTOWN, CA US",NA,6
"2017-02-18T05:59:00",37.7705,-122.4269,"SAN FRANCISCO DOWNTOWN, CA US",NA,6
"2017-02-18T23:59:00",37.7705,-122.4269,"SAN FRANCISCO DOWNTOWN, CA US",NA,6
"2017-02-19T03:59:00",37.7705,-122.4269,"SAN FRANCISCO DOWNTOWN, CA US",NA,6
"2017-02-19T04:59:00",37.7705,-122.4269,"SAN FRANCISCO DOWNTOWN, CA US",NA,6
"2017-02-19T05:59:00",37.7705,-122.4269,"SAN FRANCISCO DOWNTOWN, CA US",NA,6
"2017-02-19T10:59:00",37.7705,-122.4269,"SAN FRANCISCO DOWNTOWN, CA US",NA,6
"2017-02-19T12:59:00",37.7705,-122.4269,"SAN FRANCISCO DOWNTOWN, CA US",NA,6
"2017-02-19T13:59:00",37.7705,-122.4269,"SAN FRANCISCO DOWNTOWN, CA US",NA,6
"2017-02-19T23:59:00",37.7705,-122.4269,"SAN FRANCISCO DOWNTOWN, CA US",NA,6
"2017-02-19T23:59:00",37.7705,-122.4269,"SAN FRANCISCO DOWNTOWN, CA US",NA,6
"2017-02-20T01:59:00",37.7705,-122.4269,"SAN FRANCISCO DOWNTOWN, CA US",NA,6
"2017-02-20T02:59:00",37.7705,-122.4269,"SAN FRANCISCO DOWNTOWN, CA US",NA,6
"2017-02-20T03:59:00",37.7705,-122.4269,"SAN FRANCISCO DOWNTOWN, CA US",NA,6
"2017-02-20T04:59:00",37.7705,-122.4269,"SAN FRANCISCO DOWNTOWN, CA US",NA,6
"2017-02-20T05:59:00",37.7705,-122.4269,"SAN FRANCISCO DOWNTOWN, CA US",NA,6
"2017-02-20T06:59:00",37.7705,-122.4269,"SAN FRANCISCO DOWNTOWN, CA US",NA,6
"2017-02-20T07:59:00",37.7705,-122.4269,"SAN FRANCISCO DOWNTOWN, CA US",NA,6
"2017-02-20T08:59:00",37.7705,-122.4269,"SAN FRANCISCO DOWNTOWN, CA US",NA,6
"2017-02-20T09:59:00",37.7705,-122.4269,"SAN FRANCISCO DOWNTOWN, CA US",NA,6
"2017-02-20T10:59:00",37.7705,-122.4269,"SAN FRANCISCO DOWNTOWN, CA US",NA,6
"2017-02-20T11:59:00",37.7705,-122.4269,"SAN FRANCISCO DOWNTOWN, CA US",NA,6
"2017-02-20T12:59:00",37.7705,-122.4269,"SAN FRANCISCO DOWNTOWN, CA US",NA,6
"2017-02-20T13:59:00",37.7705,-122.4269,"SAN FRANCISCO DOWNTOWN, CA US",NA,6
"2017-02-20T14:59:00",37.7705,-122.4269,"SAN FRANCISCO DOWNTOWN, CA US",NA,6
"2017-02-20T15:59:00",37.7705,-122.4269,"SAN FRANCISCO DOWNTOWN, CA US",NA,6
"2017-02-20T16:59:00",37.7705,-122.4269,"SAN FRANCISCO DOWNTOWN, CA US",NA,6
"2017-02-20T17:59:00",37.7705,-122.4269,"SAN FRANCISCO DOWNTOWN, CA US",NA,6
"2017-02-20T18:59:00",37.7705,-122.4269,"SAN FRANCISCO DOWNTOWN, CA US",NA,6
"2017-02-20T22:59:00",37.7705,-122.4269,"SAN FRANCISCO DOWNTOWN, CA US",NA,6
"2017-02-20T23:59:00",37.7705,-122.4269,"SAN FRANCISCO DOWNTOWN, CA US",NA,6
"2017-02-21T04:59:00",37.7705,-122.4269,"SAN FRANCISCO DOWNTOWN, CA US",NA,6
"2017-02-21T08:59:00",37.7705,-122.4269,"SAN FRANCISCO DOWNTOWN, CA US",NA,6
"2017-02-21T14:59:00",37.7705,-122.4269,"SAN FRANCISCO DOWNTOWN, CA US",NA,6
"2017-02-21T15:59:00",37.7705,-122.4269,"SAN FRANCISCO DOWNTOWN, CA US",NA,6
"2017-02-21T16:59:00",37.7705,-122.4269,"SAN FRANCISCO DOWNTOWN, CA US",NA,6
"2017-02-21T17:59:00",37.7705,-122.4269,"SAN FRANCISCO DOWNTOWN, CA US",NA,6
"2017-02-21T23:59:00",37.7705,-122.4269,"SAN FRANCISCO DOWNTOWN, CA US",NA,6
"2017-02-22T23:59:00",37.7705,-122.4269,"SAN FRANCISCO DOWNTOWN, CA US",NA,6
"2017-02-23T23:59:00",37.7705,-122.4269,"SAN FRANCISCO DOWNTOWN, CA US",NA,6
"2017-02-24T23:59:00",37.7705,-122.4269,"SAN FRANCISCO DOWNTOWN, CA US",NA,6
"2017-02-24T23:59:00",37.7705,-122.4269,"SAN FRANCISCO DOWNTOWN, CA US",NA,6
"2017-02-25T03:59:00",37.7705,-122.4269,"SAN FRANCISCO DOWNTOWN, CA US",NA,6
"2017-02-25T23:59:00",37.7705,-122.4269,"SAN FRANCISCO DOWNTOWN, CA US",NA,6
"2017-02-26T20:59:00",37.7705,-122.4269,"SAN FRANCISCO DOWNTOWN, CA US",NA,6
"2017-02-26T21:59:00",37.7705,-122.4269,"SAN FRANCISCO DOWNTOWN, CA US",NA,6
"2017-02-26T22:59:00",37.7705,-122.4269,"SAN FRANCISCO DOWNTOWN, CA US",NA,6
"2017-02-26T23:59:00",37.7705,-122.4269,"SAN FRANCISCO DOWNTOWN, CA US",NA,6
"2017-02-26T23:59:00",37.7705,-122.4269,"SAN FRANCISCO DOWNTOWN, CA US",NA,6
"2017-02-27T00:59:00",37.7705,-122.4269,"SAN FRANCISCO DOWNTOWN, CA US",NA,6
"2017-02-27T01:59:00",37.7705,-122.4269,"SAN FRANCISCO DOWNTOWN, CA US",NA,6
"2017-02-27T23:59:00",37.7705,-122.4269,"SAN FRANCISCO DOWNTOWN, CA US",NA,6
"2017-02-28T23:59:00",37.7705,-122.4269,"SAN FRANCISCO DOWNTOWN, CA US",NA,6
"2017-02-28T23:59:00",37.7705,-122.4269,"SAN FRANCISCO DOWNTOWN, CA US",NA,6
"2017-03-01T23:59:00",37.7705,-122.4269,"SAN FRANCISCO DOWNTOWN, CA US",NA,6
"2017-03-02T23:59:00",37.7705,-122.4269,"SAN FRANCISCO DOWNTOWN, CA US",NA,6
"2017-03-03T23:59:00",37.7705,-122.4269,"SAN FRANCISCO DOWNTOWN, CA US",NA,6
"2017-03-04T08:59:00",37.7705,-122.4269,"SAN FRANCISCO DOWNTOWN, CA US",NA,6
"2017-03-04T10:59:00",37.7705,-122.4269,"SAN FRANCISCO DOWNTOWN, CA US",NA,6
"2017-03-04T18:59:00",37.7705,-122.4269,"SAN FRANCISCO DOWNTOWN, CA US",NA,6
"2017-03-04T19:59:00",37.7705,-122.4269,"SAN FRANCISCO DOWNTOWN, CA US",NA,6
"2017-03-04T20:59:00",37.7705,-122.4269,"SAN FRANCISCO DOWNTOWN, CA US",NA,6
"2017-03-04T21:59:00",37.7705,-122.4269,"SAN FRANCISCO DOWNTOWN, CA US",NA,6
"2017-03-04T22:59:00",37.7705,-122.4269,"SAN FRANCISCO DOWNTOWN, CA US",NA,6
"2017-03-04T23:59:00",37.7705,-122.4269,"SAN FRANCISCO DOWNTOWN, CA US",NA,6
"2017-03-04T23:59:00",37.7705,-122.4269,"SAN FRANCISCO DOWNTOWN, CA US",NA,6
"2017-03-05T01:59:00",37.7705,-122.4269,"SAN FRANCISCO DOWNTOWN, CA US",NA,6
"2017-03-05T03:59:00",37.7705,-122.4269,"SAN FRANCISCO DOWNTOWN, CA US",NA,6
"2017-03-05T04:59:00",37.7705,-122.4269,"SAN FRANCISCO DOWNTOWN, CA US",NA,6
"2017-03-05T05:59:00",37.7705,-122.4269,"SAN FRANCISCO DOWNTOWN, CA US",NA,6
"2017-03-05T06:59:00",37.7705,-122.4269,"SAN FRANCISCO DOWNTOWN, CA US",NA,6
"2017-03-05T07:59:00",37.7705,-122.4269,"SAN FRANCISCO DOWNTOWN, CA US",NA,6
"2017-03-05T10:59:00",37.7705,-122.4269,"SAN FRANCISCO DOWNTOWN, CA US",NA,6
"2017-03-05T11:59:00",37.7705,-122.4269,"SAN FRANCISCO DOWNTOWN, CA US",NA,6
"2017-03-05T12:59:00",37.7705,-122.4269,"SAN FRANCISCO DOWNTOWN, CA US",NA,6
"2017-03-05T23:59:00",37.7705,-122.4269,"SAN FRANCISCO DOWNTOWN, CA US",NA,6
"2017-03-06T00:59:00",37.7705,-122.4269,"SAN FRANCISCO DOWNTOWN, CA US",NA,6
"2017-03-06T01:59:00",37.7705,-122.4269,"SAN FRANCISCO DOWNTOWN, CA US",NA,6
"2017-03-06T02:59:00",37.7705,-122.4269,"SAN FRANCISCO DOWNTOWN, CA US",NA,6
"2017-03-06T03:59:00",37.7705,-122.4269,"SAN FRANCISCO DOWNTOWN, CA US",NA,6
"2017-03-06T04:59:00",37.7705,-122.4269,"SAN FRANCISCO DOWNTOWN, CA US",NA,6
"2017-03-06T06:59:00",37.7705,-122.4269,"SAN FRANCISCO DOWNTOWN, CA US",NA,6
"2017-03-06T10:59:00",37.7705,-122.4269,"SAN FRANCISCO DOWNTOWN, CA US",NA,6
"2017-03-06T11:59:00",37.7705,-122.4269,"SAN FRANCISCO DOWNTOWN, CA US",NA,6
"2017-03-06T12:59:00",37.7705,-122.4269,"SAN FRANCISCO DOWNTOWN, CA US",NA,6
"2017-03-06T14:59:00",37.7705,-122.4269,"SAN FRANCISCO DOWNTOWN, CA US",NA,6
"2017-03-06T15:59:00",37.7705,-122.4269,"SAN FRANCISCO DOWNTOWN, CA US",NA,6
"2017-03-06T16:59:00",37.7705,-122.4269,"SAN FRANCISCO DOWNTOWN, CA US",NA,6
"2017-03-06T23:59:00",37.7705,-122.4269,"SAN FRANCISCO DOWNTOWN, CA US",NA,6
"2017-03-07T23:59:00",37.7705,-122.4269,"SAN FRANCISCO DOWNTOWN, CA US",NA,6
"2017-03-08T23:59:00",37.7705,-122.4269,"SAN FRANCISCO DOWNTOWN, CA US",NA,6
"2017-03-09T23:59:00",37.7705,-122.4269,"SAN FRANCISCO DOWNTOWN, CA US",NA,6
"2017-03-10T23:59:00",37.7705,-122.4269,"SAN FRANCISCO DOWNTOWN, CA US",NA,6
"2017-03-11T23:59:00",37.7705,-122.4269,"SAN FRANCISCO DOWNTOWN, CA US",NA,6
"2017-03-12T23:59:00",37.7705,-122.4269,"SAN FRANCISCO DOWNTOWN, CA US",NA,6
"2017-03-13T23:59:00",37.7705,-122.4269,"SAN FRANCISCO DOWNTOWN, CA US",NA,6
"2017-03-14T23:59:00",37.7705,-122.4269,"SAN FRANCISCO DOWNTOWN, CA US",NA,6
"2017-03-15T23:59:00",37.7705,-122.4269,"SAN FRANCISCO DOWNTOWN, CA US",NA,6
"2017-03-16T23:59:00",37.7705,-122.4269,"SAN FRANCISCO DOWNTOWN, CA US",NA,6
"2017-03-17T23:59:00",37.7705,-122.4269,"SAN FRANCISCO DOWNTOWN, CA US",NA,6
"2017-03-18T23:59:00",37.7705,-122.4269,"SAN FRANCISCO DOWNTOWN, CA US",NA,6
"2017-03-19T23:59:00",37.7705,-122.4269,"SAN FRANCISCO DOWNTOWN, CA US",NA,6
"2017-03-20T12:59:00",37.7705,-122.4269,"SAN FRANCISCO DOWNTOWN, CA US",NA,6
"2017-03-20T14:59:00",37.7705,-122.4269,"SAN FRANCISCO DOWNTOWN, CA US",NA,6
"2017-03-20T15:59:00",37.7705,-122.4269,"SAN FRANCISCO DOWNTOWN, CA US",NA,6
"2017-03-20T16:59:00",37.7705,-122.4269,"SAN FRANCISCO DOWNTOWN, CA US",NA,6
"2017-03-20T18:59:00",37.7705,-122.4269,"SAN FRANCISCO DOWNTOWN, CA US",NA,6
"2017-03-20T19:59:00",37.7705,-122.4269,"SAN FRANCISCO DOWNTOWN, CA US",NA,6
"2017-03-20T20:59:00",37.7705,-122.4269,"SAN FRANCISCO DOWNTOWN, CA US",NA,6
"2017-03-20T21:59:00",37.7705,-122.4269,"SAN FRANCISCO DOWNTOWN, CA US",NA,6
"2017-03-20T22:59:00",37.7705,-122.4269,"SAN FRANCISCO DOWNTOWN, CA US",NA,6
"2017-03-20T23:59:00",37.7705,-122.4269,"SAN FRANCISCO DOWNTOWN, CA US",NA,6
"2017-03-20T23:59:00",37.7705,-122.4269,"SAN FRANCISCO DOWNTOWN, CA US",NA,6
"2017-03-21T00:59:00",37.7705,-122.4269,"SAN FRANCISCO DOWNTOWN, CA US",NA,6
"2017-03-21T01:59:00",37.7705,-122.4269,"SAN FRANCISCO DOWNTOWN, CA US",NA,6
"2017-03-21T03:59:00",37.7705,-122.4269,"SAN FRANCISCO DOWNTOWN, CA US",NA,6
"2017-03-21T04:59:00",37.7705,-122.4269,"SAN FRANCISCO DOWNTOWN, CA US",NA,6
"2017-03-21T05:59:00",37.7705,-122.4269,"SAN FRANCISCO DOWNTOWN, CA US",NA,6
"2017-03-21T06:59:00",37.7705,-122.4269,"SAN FRANCISCO DOWNTOWN, CA US",NA,6
"2017-03-21T07:59:00",37.7705,-122.4269,"SAN FRANCISCO DOWNTOWN, CA US",NA,6
"2017-03-21T22:59:00",37.7705,-122.4269,"SAN FRANCISCO DOWNTOWN, CA US",NA,6
"2017-03-21T23:59:00",37.7705,-122.4269,"SAN FRANCISCO DOWNTOWN, CA US",NA,6
"2017-03-21T23:59:00",37.7705,-122.4269,"SAN FRANCISCO DOWNTOWN, CA US",NA,6
"2017-03-22T00:59:00",37.7705,-122.4269,"SAN FRANCISCO DOWNTOWN, CA US",NA,6
"2017-03-22T01:59:00",37.7705,-122.4269,"SAN FRANCISCO DOWNTOWN, CA US",NA,6
"2017-03-22T02:59:00",37.7705,-122.4269,"SAN FRANCISCO DOWNTOWN, CA US",NA,6
"2017-03-22T03:59:00",37.7705,-122.4269,"SAN FRANCISCO DOWNTOWN, CA US",NA,6
"2017-03-22T05:59:00",37.7705,-122.4269,"SAN FRANCISCO DOWNTOWN, CA US",NA,6
"2017-03-22T23:59:00",37.7705,-122.4269,"SAN FRANCISCO DOWNTOWN, CA US",NA,6
"2017-03-23T23:59:00",37.7705,-122.4269,"SAN FRANCISCO DOWNTOWN, CA US",NA,6
"2017-03-24T03:59:00",37.7705,-122.4269,"SAN FRANCISCO DOWNTOWN, CA US",NA,6
"2017-03-24T04:59:00",37.7705,-122.4269,"SAN FRANCISCO DOWNTOWN, CA US",NA,6
"2017-03-24T05:59:00",37.7705,-122.4269,"SAN FRANCISCO DOWNTOWN, CA US",NA,6
"2017-03-24T06:59:00",37.7705,-122.4269,"SAN FRANCISCO DOWNTOWN, CA US",NA,6
"2017-03-24T07:59:00",37.7705,-122.4269,"SAN FRANCISCO DOWNTOWN, CA US",NA,6
"2017-03-24T08:59:00",37.7705,-122.4269,"SAN FRANCISCO DOWNTOWN, CA US",NA,6
"2017-03-24T09:59:00",37.7705,-122.4269,"SAN FRANCISCO DOWNTOWN, CA US",NA,6
"2017-03-24T10:59:00",37.7705,-122.4269,"SAN FRANCISCO DOWNTOWN, CA US",NA,6
"2017-03-24T11:59:00",37.7705,-122.4269,"SAN FRANCISCO DOWNTOWN, CA US",NA,6
"2017-03-24T12:59:00",37.7705,-122.4269,"SAN FRANCISCO DOWNTOWN, CA US",NA,6
"2017-03-24T13:59:00",37.7705,-122.4269,"SAN FRANCISCO DOWNTOWN, CA US",NA,6
"2017-03-24T17:59:00",37.7705,-122.4269,"SAN FRANCISCO DOWNTOWN, CA US",NA,6
"2017-03-24T23:59:00",37.7705,-122.4269,"SAN FRANCISCO DOWNTOWN, CA US",NA,6
"2017-03-25T23:59:00",37.7705,-122.4269,"SAN FRANCISCO DOWNTOWN, CA US",NA,6
"2017-03-26T16:59:00",37.7705,-122.4269,"SAN FRANCISCO DOWNTOWN, CA US",NA,6
"2017-03-26T19:59:00",37.7705,-122.4269,"SAN FRANCISCO DOWNTOWN, CA US",NA,6
"2017-03-26T23:59:00",37.7705,-122.4269,"SAN FRANCISCO DOWNTOWN, CA US",NA,6
"2017-03-27T23:59:00",37.7705,-122.4269,"SAN FRANCISCO DOWNTOWN, CA US",NA,6
"2017-03-28T23:59:00",37.7705,-122.4269,"SAN FRANCISCO DOWNTOWN, CA US",NA,6
"2017-03-29T23:59:00",37.7705,-122.4269,"SAN FRANCISCO DOWNTOWN, CA US",NA,6
"2017-03-30T23:59:00",37.7705,-122.4269,"SAN FRANCISCO DOWNTOWN, CA US",NA,6
"2017-03-31T23:59:00",37.7705,-122.4269,"SAN FRANCISCO DOWNTOWN, CA US",NA,6
"2017-03-31T23:59:00",37.7705,-122.4269,"SAN FRANCISCO DOWNTOWN, CA US",NA,6
"2017-04-01T23:59:00",37.7705,-122.4269,"SAN FRANCISCO DOWNTOWN, CA US",NA,6
"2017-04-02T23:59:00",37.7705,-122.4269,"SAN FRANCISCO DOWNTOWN, CA US",NA,6
"2017-04-03T23:59:00",37.7705,-122.4269,"SAN FRANCISCO DOWNTOWN, CA US",NA,6
"2017-04-04T23:59:00",37.7705,-122.4269,"SAN FRANCISCO DOWNTOWN, CA US",NA,6
"2017-04-05T23:59:00",37.7705,-122.4269,"SAN FRANCISCO DOWNTOWN, CA US",NA,6
"2017-04-06T08:59:00",37.7705,-122.4269,"SAN FRANCISCO DOWNTOWN, CA US",NA,6
"2017-04-06T09:59:00",37.7705,-122.4269,"SAN FRANCISCO DOWNTOWN, CA US",NA,6
"2017-04-06T16:59:00",37.7705,-122.4269,"SAN FRANCISCO DOWNTOWN, CA US",NA,6
"2017-04-06T17:59:00",37.7705,-122.4269,"SAN FRANCISCO DOWNTOWN, CA US",NA,6
"2017-04-06T18:59:00",37.7705,-122.4269,"SAN FRANCISCO DOWNTOWN, CA US",NA,6
"2017-04-06T19:59:00",37.7705,-122.4269,"SAN FRANCISCO DOWNTOWN, CA US",NA,6
"2017-04-06T20:59:00",37.7705,-122.4269,"SAN FRANCISCO DOWNTOWN, CA US",NA,6
"2017-04-06T21:59:00",37.7705,-122.4269,"SAN FRANCISCO DOWNTOWN, CA US",NA,6
"2017-04-06T22:59:00",37.7705,-122.4269,"SAN FRANCISCO DOWNTOWN, CA US",NA,6
"2017-04-06T23:59:00",37.7705,-122.4269,"SAN FRANCISCO DOWNTOWN, CA US",NA,6
"2017-04-06T23:59:00",37.7705,-122.4269,"SAN FRANCISCO DOWNTOWN, CA US",NA,6
"2017-04-07T09:59:00",37.7705,-122.4269,"SAN FRANCISCO DOWNTOWN, CA US",NA,6
"2017-04-07T18:59:00",37.7705,-122.4269,"SAN FRANCISCO DOWNTOWN, CA US",NA,6
"2017-04-07T19:59:00",37.7705,-122.4269,"SAN FRANCISCO DOWNTOWN, CA US",NA,6
"2017-04-07T20:59:00",37.7705,-122.4269,"SAN FRANCISCO DOWNTOWN, CA US",NA,6
"2017-04-07T21:59:00",37.7705,-122.4269,"SAN FRANCISCO DOWNTOWN, CA US",NA,6
"2017-04-07T22:59:00",37.7705,-122.4269,"SAN FRANCISCO DOWNTOWN, CA US",NA,6
"2017-04-07T23:59:00",37.7705,-122.4269,"SAN FRANCISCO DOWNTOWN, CA US",NA,6
"2017-04-07T23:59:00",37.7705,-122.4269,"SAN FRANCISCO DOWNTOWN, CA US",NA,6
"2017-04-08T07:59:00",37.7705,-122.4269,"SAN FRANCISCO DOWNTOWN, CA US",NA,6
"2017-04-08T08:59:00",37.7705,-122.4269,"SAN FRANCISCO DOWNTOWN, CA US",NA,6
"2017-04-08T09:59:00",37.7705,-122.4269,"SAN FRANCISCO DOWNTOWN, CA US",NA,6
"2017-04-08T23:59:00",37.7705,-122.4269,"SAN FRANCISCO DOWNTOWN, CA US",NA,6
"2017-04-09T23:59:00",37.7705,-122.4269,"SAN FRANCISCO DOWNTOWN, CA US",NA,6
"2017-04-10T23:59:00",37.7705,-122.4269,"SAN FRANCISCO DOWNTOWN, CA US",NA,6
"2017-04-11T21:59:00",37.7705,-122.4269,"SAN FRANCISCO DOWNTOWN, CA US",NA,6
"2017-04-11T22:59:00",37.7705,-122.4269,"SAN FRANCISCO DOWNTOWN, CA US",NA,6
"2017-04-11T23:59:00",37.7705,-122.4269,"SAN FRANCISCO DOWNTOWN, CA US",NA,6
"2017-04-11T23:59:00",37.7705,-122.4269,"SAN FRANCISCO DOWNTOWN, CA US",NA,6
"2017-04-12T02:59:00",37.7705,-122.4269,"SAN FRANCISCO DOWNTOWN, CA US",NA,6
"2017-04-12T04:59:00",37.7705,-122.4269,"SAN FRANCISCO DOWNTOWN, CA US",NA,6
"2017-04-12T05:59:00",37.7705,-122.4269,"SAN FRANCISCO DOWNTOWN, CA US",NA,6
"2017-04-12T20:59:00",37.7705,-122.4269,"SAN FRANCISCO DOWNTOWN, CA US",NA,6
"2017-04-12T21:59:00",37.7705,-122.4269,"SAN FRANCISCO DOWNTOWN, CA US",NA,6
"2017-04-12T22:59:00",37.7705,-122.4269,"SAN FRANCISCO DOWNTOWN, CA US",NA,6
"2017-04-12T23:59:00",37.7705,-122.4269,"SAN FRANCISCO DOWNTOWN, CA US",NA,6
"2017-04-12T23:59:00",37.7705,-122.4269,"SAN FRANCISCO DOWNTOWN, CA US",NA,6
"2017-04-13T04:59:00",37.7705,-122.4269,"SAN FRANCISCO DOWNTOWN, CA US",NA,6
"2017-04-13T05:59:00",37.7705,-122.4269,"SAN FRANCISCO DOWNTOWN, CA US",NA,6
"2017-04-13T23:59:00",37.7705,-122.4269,"SAN FRANCISCO DOWNTOWN, CA US",NA,6
"2017-04-14T23:59:00",37.7705,-122.4269,"SAN FRANCISCO DOWNTOWN, CA US",NA,6
"2017-04-15T23:59:00",37.7705,-122.4269,"SAN FRANCISCO DOWNTOWN, CA US",NA,6
"2017-04-16T09:59:00",37.7705,-122.4269,"SAN FRANCISCO DOWNTOWN, CA US",NA,6
"2017-04-16T12:59:00",37.7705,-122.4269,"SAN FRANCISCO DOWNTOWN, CA US",NA,6
"2017-04-16T13:59:00",37.7705,-122.4269,"SAN FRANCISCO DOWNTOWN, CA US",NA,6
"2017-04-16T22:59:00",37.7705,-122.4269,"SAN FRANCISCO DOWNTOWN, CA US",NA,6
"2017-04-16T23:59:00",37.7705,-122.4269,"SAN FRANCISCO DOWNTOWN, CA US",NA,6
"2017-04-16T23:59:00",37.7705,-122.4269,"SAN FRANCISCO DOWNTOWN, CA US",NA,6
"2017-04-17T00:59:00",37.7705,-122.4269,"SAN FRANCISCO DOWNTOWN, CA US",NA,6
"2017-04-17T01:59:00",37.7705,-122.4269,"SAN FRANCISCO DOWNTOWN, CA US",NA,6
"2017-04-17T02:59:00",37.7705,-122.4269,"SAN FRANCISCO DOWNTOWN, CA US",NA,6
"2017-04-17T03:59:00",37.7705,-122.4269,"SAN FRANCISCO DOWNTOWN, CA US",NA,6
"2017-04-17T04:59:00",37.7705,-122.4269,"SAN FRANCISCO DOWNTOWN, CA US",NA,6
"2017-04-17T05:59:00",37.7705,-122.4269,"SAN FRANCISCO DOWNTOWN, CA US",NA,6
"2017-04-17T15:59:00",37.7705,-122.4269,"SAN FRANCISCO DOWNTOWN, CA US",NA,6
"2017-04-17T16:59:00",37.7705,-122.4269,"SAN FRANCISCO DOWNTOWN, CA US",NA,6
"2017-04-17T20:59:00",37.7705,-122.4269,"SAN FRANCISCO DOWNTOWN, CA US",NA,6
"2017-04-17T22:59:00",37.7705,-122.4269,"SAN FRANCISCO DOWNTOWN, CA US",NA,6
"2017-04-17T23:59:00",37.7705,-122.4269,"SAN FRANCISCO DOWNTOWN, CA US",NA,6
"2017-04-17T23:59:00",37.7705,-122.4269,"SAN FRANCISCO DOWNTOWN, CA US",NA,6
"2017-04-18T00:59:00",37.7705,-122.4269,"SAN FRANCISCO DOWNTOWN, CA US",NA,6
"2017-04-18T04:59:00",37.7705,-122.4269,"SAN FRANCISCO DOWNTOWN, CA US",NA,6
"2017-04-18T05:59:00",37.7705,-122.4269,"SAN FRANCISCO DOWNTOWN, CA US",NA,6
"2017-04-18T23:59:00",37.7705,-122.4269,"SAN FRANCISCO DOWNTOWN, CA US",NA,6
"2017-04-19T21:59:00",37.7705,-122.4269,"SAN FRANCISCO DOWNTOWN, CA US",NA,6
"2017-04-19T22:59:00",37.7705,-122.4269,"SAN FRANCISCO DOWNTOWN, CA US",NA,6
"2017-04-19T23:59:00",37.7705,-122.4269,"SAN FRANCISCO DOWNTOWN, CA US",NA,6
"2017-04-19T23:59:00",37.7705,-122.4269,"SAN FRANCISCO DOWNTOWN, CA US",NA,6
"2017-04-20T00:59:00",37.7705,-122.4269,"SAN FRANCISCO DOWNTOWN, CA US",NA,6
"2017-04-20T23:59:00",37.7705,-122.4269,"SAN FRANCISCO DOWNTOWN, CA US",NA,6
"2017-04-21T23:59:00",37.7705,-122.4269,"SAN FRANCISCO DOWNTOWN, CA US",NA,6
"2017-04-22T23:59:00",37.7705,-122.4269,"SAN FRANCISCO DOWNTOWN, CA US",NA,6
"2017-04-23T23:59:00",37.7705,-122.4269,"SAN FRANCISCO DOWNTOWN, CA US",NA,6
"2017-04-24T23:59:00",37.7705,-122.4269,"SAN FRANCISCO DOWNTOWN, CA US",NA,6
"2017-04-25T23:59:00",37.7705,-122.4269,"SAN FRANCISCO DOWNTOWN, CA US",NA,6
"2017-04-26T05:59:00",37.7705,-122.4269,"SAN FRANCISCO DOWNTOWN, CA US",NA,6
"2017-04-26T13:59:00",37.7705,-122.4269,"SAN FRANCISCO DOWNTOWN, CA US",NA,6
"2017-04-26T14:59:00",37.7705,-122.4269,"SAN FRANCISCO DOWNTOWN, CA US",NA,6
"2017-04-26T23:59:00",37.7705,-122.4269,"SAN FRANCISCO DOWNTOWN, CA US",NA,6
"2017-04-27T23:59:00",37.7705,-122.4269,"SAN FRANCISCO DOWNTOWN, CA US",NA,6
"2017-04-28T23:59:00",37.7705,-122.4269,"SAN FRANCISCO DOWNTOWN, CA US",NA,6
"2017-04-29T23:59:00",37.7705,-122.4269,"SAN FRANCISCO DOWNTOWN, CA US",NA,6
"2017-04-30T23:59:00",37.7705,-122.4269,"SAN FRANCISCO DOWNTOWN, CA US",NA,6
"2017-04-30T23:59:00",37.7705,-122.4269,"SAN FRANCISCO DOWNTOWN, CA US",NA,6
"2017-05-01T23:59:00",37.7705,-122.4269,"SAN FRANCISCO DOWNTOWN, CA US",NA,6
"2017-05-02T23:59:00",37.7705,-122.4269,"SAN FRANCISCO DOWNTOWN, CA US",NA,6
"2017-05-03T23:59:00",37.7705,-122.4269,"SAN FRANCISCO DOWNTOWN, CA US",NA,6
"2017-05-04T23:59:00",37.7705,-122.4269,"SAN FRANCISCO DOWNTOWN, CA US",NA,6
"2017-05-05T23:59:00",37.7705,-122.4269,"SAN FRANCISCO DOWNTOWN, CA US",NA,6
"2017-05-06T23:59:00",37.7705,-122.4269,"SAN FRANCISCO DOWNTOWN, CA US",NA,6
"2017-05-07T23:59:00",37.7705,-122.4269,"SAN FRANCISCO DOWNTOWN, CA US",NA,6
"2017-05-08T23:59:00",37.7705,-122.4269,"SAN FRANCISCO DOWNTOWN, CA US",NA,6
"2017-05-09T23:59:00",37.7705,-122.4269,"SAN FRANCISCO DOWNTOWN, CA US",NA,6
"2017-05-10T23:59:00",37.7705,-122.4269,"SAN FRANCISCO DOWNTOWN, CA US",NA,6
"2017-05-11T23:59:00",37.7705,-122.4269,"SAN FRANCISCO DOWNTOWN, CA US",NA,6
"2017-05-12T23:59:00",37.7705,-122.4269,"SAN FRANCISCO DOWNTOWN, CA US",NA,6
"2017-05-13T23:59:00",37.7705,-122.4269,"SAN FRANCISCO DOWNTOWN, CA US",NA,6
"2017-05-14T23:59:00",37.7705,-122.4269,"SAN FRANCISCO DOWNTOWN, CA US",NA,6
"2017-05-15T23:59:00",37.7705,-122.4269,"SAN FRANCISCO DOWNTOWN, CA US",NA,6
"2017-05-16T23:59:00",37.7705,-122.4269,"SAN FRANCISCO DOWNTOWN, CA US",NA,6
"2017-05-17T23:59:00",37.7705,-122.4269,"SAN FRANCISCO DOWNTOWN, CA US",NA,6
"2017-05-18T23:59:00",37.7705,-122.4269,"SAN FRANCISCO DOWNTOWN, CA US",NA,6
"2017-05-19T23:59:00",37.7705,-122.4269,"SAN FRANCISCO DOWNTOWN, CA US",NA,6
"2017-05-20T23:59:00",37.7705,-122.4269,"SAN FRANCISCO DOWNTOWN, CA US",NA,6
"2017-05-21T23:59:00",37.7705,-122.4269,"SAN FRANCISCO DOWNTOWN, CA US",NA,6
"2017-05-22T23:59:00",37.7705,-122.4269,"SAN FRANCISCO DOWNTOWN, CA US",NA,6
"2017-05-23T23:59:00",37.7705,-122.4269,"SAN FRANCISCO DOWNTOWN, CA US",NA,6
"2017-05-24T23:59:00",37.7705,-122.4269,"SAN FRANCISCO DOWNTOWN, CA US",NA,6
"2017-05-25T23:59:00",37.7705,-122.4269,"SAN FRANCISCO DOWNTOWN, CA US",NA,6
"2017-05-26T23:59:00",37.7705,-122.4269,"SAN FRANCISCO DOWNTOWN, CA US",NA,6
"2017-05-27T23:59:00",37.7705,-122.4269,"SAN FRANCISCO DOWNTOWN, CA US",NA,6
"2017-05-28T23:59:00",37.7705,-122.4269,"SAN FRANCISCO DOWNTOWN, CA US",NA,6
"2017-05-29T23:59:00",37.7705,-122.4269,"SAN FRANCISCO DOWNTOWN, CA US",NA,6
"2017-05-30T23:59:00",37.7705,-122.4269,"SAN FRANCISCO DOWNTOWN, CA US",NA,6
"2017-05-31T23:59:00",37.7705,-122.4269,"SAN FRANCISCO DOWNTOWN, CA US",NA,6
"2017-05-31T23:59:00",37.7705,-122.4269,"SAN FRANCISCO DOWNTOWN, CA US",NA,6
"2017-06-01T23:59:00",37.7705,-122.4269,"SAN FRANCISCO DOWNTOWN, CA US",NA,6
"2017-06-02T23:59:00",37.7705,-122.4269,"SAN FRANCISCO DOWNTOWN, CA US",NA,6
"2017-06-03T23:59:00",37.7705,-122.4269,"SAN FRANCISCO DOWNTOWN, CA US",NA,6
"2017-06-04T23:59:00",37.7705,-122.4269,"SAN FRANCISCO DOWNTOWN, CA US",NA,6
"2017-06-05T23:59:00",37.7705,-122.4269,"SAN FRANCISCO DOWNTOWN, CA US",NA,6
"2017-06-06T23:59:00",37.7705,-122.4269,"SAN FRANCISCO DOWNTOWN, CA US",NA,6
"2017-06-07T23:59:00",37.7705,-122.4269,"SAN FRANCISCO DOWNTOWN, CA US",NA,6
"2017-06-08T06:59:00",37.7705,-122.4269,"SAN FRANCISCO DOWNTOWN, CA US",NA,6
"2017-06-08T07:59:00",37.7705,-122.4269,"SAN FRANCISCO DOWNTOWN, CA US",NA,6
"2017-06-08T08:59:00",37.7705,-122.4269,"SAN FRANCISCO DOWNTOWN, CA US",NA,6
"2017-06-08T09:59:00",37.7705,-122.4269,"SAN FRANCISCO DOWNTOWN, CA US",NA,6
"2017-06-08T13:59:00",37.7705,-122.4269,"SAN FRANCISCO DOWNTOWN, CA US",NA,6
"2017-06-08T23:59:00",37.7705,-122.4269,"SAN FRANCISCO DOWNTOWN, CA US",NA,6
"2017-06-09T23:59:00",37.7705,-122.4269,"SAN FRANCISCO DOWNTOWN, CA US",NA,6
"2017-06-10T23:59:00",37.7705,-122.4269,"SAN FRANCISCO DOWNTOWN, CA US",NA,6
"2017-06-11T23:59:00",37.7705,-122.4269,"SAN FRANCISCO DOWNTOWN, CA US",NA,6
"2017-06-12T23:59:00",37.7705,-122.4269,"SAN FRANCISCO DOWNTOWN, CA US",NA,6
"2017-06-13T23:59:00",37.7705,-122.4269,"SAN FRANCISCO DOWNTOWN, CA US",NA,6
"2017-06-14T23:59:00",37.7705,-122.4269,"SAN FRANCISCO DOWNTOWN, CA US",NA,6
"2017-06-15T23:59:00",37.7705,-122.4269,"SAN FRANCISCO DOWNTOWN, CA US",NA,6
"2017-06-16T23:59:00",37.7705,-122.4269,"SAN FRANCISCO DOWNTOWN, CA US",NA,6
"2017-06-17T23:59:00",37.7705,-122.4269,"SAN FRANCISCO DOWNTOWN, CA US",NA,6
"2017-06-18T23:59:00",37.7705,-122.4269,"SAN FRANCISCO DOWNTOWN, CA US",NA,6
"2017-06-19T23:59:00",37.7705,-122.4269,"SAN FRANCISCO DOWNTOWN, CA US",NA,6
"2017-06-20T23:59:00",37.7705,-122.4269,"SAN FRANCISCO DOWNTOWN, CA US",NA,6
"2017-06-21T23:59:00",37.7705,-122.4269,"SAN FRANCISCO DOWNTOWN, CA US",NA,6
"2017-06-22T23:59:00",37.7705,-122.4269,"SAN FRANCISCO DOWNTOWN, CA US",NA,6
"2017-06-23T23:59:00",37.7705,-122.4269,"SAN FRANCISCO DOWNTOWN, CA US",NA,6
"2017-06-24T23:59:00",37.7705,-122.4269,"SAN FRANCISCO DOWNTOWN, CA US",NA,6
"2017-06-25T23:59:00",37.7705,-122.4269,"SAN FRANCISCO DOWNTOWN, CA US",NA,6
"2017-06-26T23:59:00",37.7705,-122.4269,"SAN FRANCISCO DOWNTOWN, CA US",NA,6
"2017-06-27T23:59:00",37.7705,-122.4269,"SAN FRANCISCO DOWNTOWN, CA US",NA,6
"2017-06-28T23:59:00",37.7705,-122.4269,"SAN FRANCISCO DOWNTOWN, CA US",NA,6
"2017-06-29T23:59:00",37.7705,-122.4269,"SAN FRANCISCO DOWNTOWN, CA US",NA,6
"2017-06-30T23:59:00",37.7705,-122.4269,"SAN FRANCISCO DOWNTOWN, CA US",NA,6
"2017-06-30T23:59:00",37.7705,-122.4269,"SAN FRANCISCO DOWNTOWN, CA US",NA,6
"2017-07-01T23:59:00",37.7705,-122.4269,"SAN FRANCISCO DOWNTOWN, CA US",NA,6
"2017-07-02T23:59:00",37.7705,-122.4269,"SAN FRANCISCO DOWNTOWN, CA US",NA,6
"2017-07-03T23:59:00",37.7705,-122.4269,"SAN FRANCISCO DOWNTOWN, CA US",NA,6
"2017-07-04T23:59:00",37.7705,-122.4269,"SAN FRANCISCO DOWNTOWN, CA US",NA,6
"2017-07-05T23:59:00",37.7705,-122.4269,"SAN FRANCISCO DOWNTOWN, CA US",NA,6
"2017-07-06T23:59:00",37.7705,-122.4269,"SAN FRANCISCO DOWNTOWN, CA US",NA,6
"2017-07-07T23:59:00",37.7705,-122.4269,"SAN FRANCISCO DOWNTOWN, CA US",NA,6
"2017-07-08T23:59:00",37.7705,-122.4269,"SAN FRANCISCO DOWNTOWN, CA US",NA,6
"2017-07-09T23:59:00",37.7705,-122.4269,"SAN FRANCISCO DOWNTOWN, CA US",NA,6
"2017-07-10T23:59:00",37.7705,-122.4269,"SAN FRANCISCO DOWNTOWN, CA US",NA,6
"2017-07-11T23:59:00",37.7705,-122.4269,"SAN FRANCISCO DOWNTOWN, CA US",NA,6
"2017-07-12T23:59:00",37.7705,-122.4269,"SAN FRANCISCO DOWNTOWN, CA US",NA,6
"2017-07-13T23:59:00",37.7705,-122.4269,"SAN FRANCISCO DOWNTOWN, CA US",NA,6
"2017-07-14T23:59:00",37.7705,-122.4269,"SAN FRANCISCO DOWNTOWN, CA US",NA,6
"2017-07-15T23:59:00",37.7705,-122.4269,"SAN FRANCISCO DOWNTOWN, CA US",NA,6
"2017-07-16T23:59:00",37.7705,-122.4269,"SAN FRANCISCO DOWNTOWN, CA US",NA,6
"2017-07-17T23:59:00",37.7705,-122.4269,"SAN FRANCISCO DOWNTOWN, CA US",NA,6
"2017-07-18T23:59:00",37.7705,-122.4269,"SAN FRANCISCO DOWNTOWN, CA US",NA,6
"2017-07-19T23:59:00",37.7705,-122.4269,"SAN FRANCISCO DOWNTOWN, CA US",NA,6
"2017-07-20T23:59:00",37.7705,-122.4269,"SAN FRANCISCO DOWNTOWN, CA US",NA,6
"2017-07-21T23:59:00",37.7705,-122.4269,"SAN FRANCISCO DOWNTOWN, CA US",NA,6
"2017-07-22T23:59:00",37.7705,-122.4269,"SAN FRANCISCO DOWNTOWN, CA US",NA,6
"2017-07-23T23:59:00",37.7705,-122.4269,"SAN FRANCISCO DOWNTOWN, CA US",NA,6
"2017-07-24T23:59:00",37.7705,-122.4269,"SAN FRANCISCO DOWNTOWN, CA US",NA,6
"2017-07-25T23:59:00",37.7705,-122.4269,"SAN FRANCISCO DOWNTOWN, CA US",NA,6
"2017-07-26T23:59:00",37.7705,-122.4269,"SAN FRANCISCO DOWNTOWN, CA US",NA,6
"2017-07-27T23:59:00",37.7705,-122.4269,"SAN FRANCISCO DOWNTOWN, CA US",NA,6
"2017-07-28T23:59:00",37.7705,-122.4269,"SAN FRANCISCO DOWNTOWN, CA US",NA,6
"2017-07-29T23:59:00",37.7705,-122.4269,"SAN FRANCISCO DOWNTOWN, CA US",NA,6
"2017-07-30T23:59:00",37.7705,-122.4269,"SAN FRANCISCO DOWNTOWN, CA US",NA,6
"2017-07-31T23:59:00",37.7705,-122.4269,"SAN FRANCISCO DOWNTOWN, CA US",NA,6
"2017-07-31T23:59:00",37.7705,-122.4269,"SAN FRANCISCO DOWNTOWN, CA US",NA,6
"2017-08-01T23:59:00",37.7705,-122.4269,"SAN FRANCISCO DOWNTOWN, CA US",NA,6
"2017-08-02T23:59:00",37.7705,-122.4269,"SAN FRANCISCO DOWNTOWN, CA US",NA,6
"2017-08-03T23:59:00",37.7705,-122.4269,"SAN FRANCISCO DOWNTOWN, CA US",NA,6
"2017-08-04T23:59:00",37.7705,-122.4269,"SAN FRANCISCO DOWNTOWN, CA US",NA,6
"2017-08-05T23:59:00",37.7705,-122.4269,"SAN FRANCISCO DOWNTOWN, CA US",NA,6
"2017-08-06T05:59:00",37.7705,-122.4269,"SAN FRANCISCO DOWNTOWN, CA US",NA,6
"2017-08-06T23:59:00",37.7705,-122.4269,"SAN FRANCISCO DOWNTOWN, CA US",NA,6
"2017-08-07T23:59:00",37.7705,-122.4269,"SAN FRANCISCO DOWNTOWN, CA US",NA,6
"2017-08-08T23:59:00",37.7705,-122.4269,"SAN FRANCISCO DOWNTOWN, CA US",NA,6
"2017-08-09T23:59:00",37.7705,-122.4269,"SAN FRANCISCO DOWNTOWN, CA US",NA,6
"2017-08-10T23:59:00",37.7705,-122.4269,"SAN FRANCISCO DOWNTOWN, CA US",NA,6
"2017-08-11T23:59:00",37.7705,-122.4269,"SAN FRANCISCO DOWNTOWN, CA US",NA,6
"2017-08-12T23:59:00",37.7705,-122.4269,"SAN FRANCISCO DOWNTOWN, CA US",NA,6
"2017-08-13T23:59:00",37.7705,-122.4269,"SAN FRANCISCO DOWNTOWN, CA US",NA,6
"2017-08-14T23:59:00",37.7705,-122.4269,"SAN FRANCISCO DOWNTOWN, CA US",NA,6
"2017-08-15T23:59:00",37.7705,-122.4269,"SAN FRANCISCO DOWNTOWN, CA US",NA,6
"2017-08-16T23:59:00",37.7705,-122.4269,"SAN FRANCISCO DOWNTOWN, CA US",NA,6
"2017-08-17T23:59:00",37.7705,-122.4269,"SAN FRANCISCO DOWNTOWN, CA US",NA,6
"2017-08-18T23:59:00",37.7705,-122.4269,"SAN FRANCISCO DOWNTOWN, CA US",NA,6
"2017-08-19T23:59:00",37.7705,-122.4269,"SAN FRANCISCO DOWNTOWN, CA US",NA,6
"2017-08-20T23:59:00",37.7705,-122.4269,"SAN FRANCISCO DOWNTOWN, CA US",NA,6
"2017-08-21T23:59:00",37.7705,-122.4269,"SAN FRANCISCO DOWNTOWN, CA US",NA,6
"2017-08-22T23:59:00",37.7705,-122.4269,"SAN FRANCISCO DOWNTOWN, CA US",NA,6
"2017-08-23T23:59:00",37.7705,-122.4269,"SAN FRANCISCO DOWNTOWN, CA US",NA,6
"2017-08-24T23:59:00",37.7705,-122.4269,"SAN FRANCISCO DOWNTOWN, CA US",NA,6
"2017-08-25T23:59:00",37.7705,-122.4269,"SAN FRANCISCO DOWNTOWN, CA US",NA,6
"2017-08-26T23:59:00",37.7705,-122.4269,"SAN FRANCISCO DOWNTOWN, CA US",NA,6
"2017-08-27T23:59:00",37.7705,-122.4269,"SAN FRANCISCO DOWNTOWN, CA US",NA,6
"2017-08-28T23:59:00",37.7705,-122.4269,"SAN FRANCISCO DOWNTOWN, CA US",NA,6
"2017-08-29T23:59:00",37.7705,-122.4269,"SAN FRANCISCO DOWNTOWN, CA US",NA,6
"2017-08-30T23:59:00",37.7705,-122.4269,"SAN FRANCISCO DOWNTOWN, CA US",NA,6
"2017-08-31T23:59:00",37.7705,-122.4269,"SAN FRANCISCO DOWNTOWN, CA US",NA,6
"2017-08-31T23:59:00",37.7705,-122.4269,"SAN FRANCISCO DOWNTOWN, CA US",NA,6
"2017-09-01T23:59:00",37.7705,-122.4269,"SAN FRANCISCO DOWNTOWN, CA US",NA,6
"2017-09-02T23:59:00",37.7705,-122.4269,"SAN FRANCISCO DOWNTOWN, CA US",NA,6
"2017-09-03T23:59:00",37.7705,-122.4269,"SAN FRANCISCO DOWNTOWN, CA US",NA,6
"2017-09-04T23:59:00",37.7705,-122.4269,"SAN FRANCISCO DOWNTOWN, CA US",NA,6
"2017-09-05T23:59:00",37.7705,-122.4269,"SAN FRANCISCO DOWNTOWN, CA US",NA,6
"2017-09-06T23:59:00",37.7705,-122.4269,"SAN FRANCISCO DOWNTOWN, CA US",NA,6
"2017-09-07T23:59:00",37.7705,-122.4269,"SAN FRANCISCO DOWNTOWN, CA US",NA,6
"2017-09-08T23:59:00",37.7705,-122.4269,"SAN FRANCISCO DOWNTOWN, CA US",NA,6
"2017-09-09T23:59:00",37.7705,-122.4269,"SAN FRANCISCO DOWNTOWN, CA US",NA,6
"2017-09-10T23:59:00",37.7705,-122.4269,"SAN FRANCISCO DOWNTOWN, CA US",NA,6
"2017-09-11T18:59:00",37.7705,-122.4269,"SAN FRANCISCO DOWNTOWN, CA US",NA,6
"2017-09-11T19:59:00",37.7705,-122.4269,"SAN FRANCISCO DOWNTOWN, CA US",NA,6
"2017-09-11T20:59:00",37.7705,-122.4269,"SAN FRANCISCO DOWNTOWN, CA US",NA,6
"2017-09-11T23:59:00",37.7705,-122.4269,"SAN FRANCISCO DOWNTOWN, CA US",NA,6
"2017-09-12T23:59:00",37.7705,-122.4269,"SAN FRANCISCO DOWNTOWN, CA US",NA,6
"2017-09-13T23:59:00",37.7705,-122.4269,"SAN FRANCISCO DOWNTOWN, CA US",NA,6
"2017-09-14T23:59:00",37.7705,-122.4269,"SAN FRANCISCO DOWNTOWN, CA US",NA,6
"2017-09-15T23:59:00",37.7705,-122.4269,"SAN FRANCISCO DOWNTOWN, CA US",NA,6
"2017-09-16T23:59:00",37.7705,-122.4269,"SAN FRANCISCO DOWNTOWN, CA US",NA,6
"2017-09-17T23:59:00",37.7705,-122.4269,"SAN FRANCISCO DOWNTOWN, CA US",NA,6
"2017-09-18T23:59:00",37.7705,-122.4269,"SAN FRANCISCO DOWNTOWN, CA US",NA,6
"2017-09-19T23:59:00",37.7705,-122.4269,"SAN FRANCISCO DOWNTOWN, CA US",NA,6
"2017-09-20T23:59:00",37.7705,-122.4269,"SAN FRANCISCO DOWNTOWN, CA US",NA,6
"2017-09-21T23:59:00",37.7705,-122.4269,"SAN FRANCISCO DOWNTOWN, CA US",NA,6
"2017-09-22T23:59:00",37.7705,-122.4269,"SAN FRANCISCO DOWNTOWN, CA US",NA,6
"2017-09-23T23:59:00",37.7705,-122.4269,"SAN FRANCISCO DOWNTOWN, CA US",NA,6
"2017-09-24T23:59:00",37.7705,-122.4269,"SAN FRANCISCO DOWNTOWN, CA US",NA,6
"2017-09-25T23:59:00",37.7705,-122.4269,"SAN FRANCISCO DOWNTOWN, CA US",NA,6
"2017-09-26T23:59:00",37.7705,-122.4269,"SAN FRANCISCO DOWNTOWN, CA US",NA,6
"2017-09-27T23:59:00",37.7705,-122.4269,"SAN FRANCISCO DOWNTOWN, CA US",NA,6
"2017-09-28T23:59:00",37.7705,-122.4269,"SAN FRANCISCO DOWNTOWN, CA US",NA,6
"2017-09-29T23:59:00",37.7705,-122.4269,"SAN FRANCISCO DOWNTOWN, CA US",NA,6
"2017-09-30T23:59:00",37.7705,-122.4269,"SAN FRANCISCO DOWNTOWN, CA US",NA,6
"2017-09-30T23:59:00",37.7705,-122.4269,"SAN FRANCISCO DOWNTOWN, CA US",NA,6
"2017-10-01T23:59:00",37.7705,-122.4269,"SAN FRANCISCO DOWNTOWN, CA US",NA,6
"2017-10-02T23:59:00",37.7705,-122.4269,"SAN FRANCISCO DOWNTOWN, CA US",NA,6
"2017-10-03T23:59:00",37.7705,-122.4269,"SAN FRANCISCO DOWNTOWN, CA US",NA,6
"2017-10-04T23:59:00",37.7705,-122.4269,"SAN FRANCISCO DOWNTOWN, CA US",NA,6
"2017-10-05T23:59:00",37.7705,-122.4269,"SAN FRANCISCO DOWNTOWN, CA US",NA,6
"2017-10-06T23:59:00",37.7705,-122.4269,"SAN FRANCISCO DOWNTOWN, CA US",NA,6
"2017-10-07T23:59:00",37.7705,-122.4269,"SAN FRANCISCO DOWNTOWN, CA US",NA,6
"2017-10-08T23:59:00",37.7705,-122.4269,"SAN FRANCISCO DOWNTOWN, CA US",NA,6
"2017-10-09T23:59:00",37.7705,-122.4269,"SAN FRANCISCO DOWNTOWN, CA US",NA,6
"2017-10-10T23:59:00",37.7705,-122.4269,"SAN FRANCISCO DOWNTOWN, CA US",NA,6
"2017-10-11T23:59:00",37.7705,-122.4269,"SAN FRANCISCO DOWNTOWN, CA US",NA,6
"2017-10-12T23:59:00",37.7705,-122.4269,"SAN FRANCISCO DOWNTOWN, CA US",NA,6
"2017-10-13T23:59:00",37.7705,-122.4269,"SAN FRANCISCO DOWNTOWN, CA US",NA,6
"2017-10-14T23:59:00",37.7705,-122.4269,"SAN FRANCISCO DOWNTOWN, CA US",NA,6
"2017-10-15T23:59:00",37.7705,-122.4269,"SAN FRANCISCO DOWNTOWN, CA US",NA,6
"2017-10-16T23:59:00",37.7705,-122.4269,"SAN FRANCISCO DOWNTOWN, CA US",NA,6
"2017-10-17T23:59:00",37.7705,-122.4269,"SAN FRANCISCO DOWNTOWN, CA US",NA,6
"2017-10-18T23:59:00",37.7705,-122.4269,"SAN FRANCISCO DOWNTOWN, CA US",NA,6
"2017-10-19T22:59:00",37.7705,-122.4269,"SAN FRANCISCO DOWNTOWN, CA US",NA,6
"2017-10-19T23:59:00",37.7705,-122.4269,"SAN FRANCISCO DOWNTOWN, CA US",NA,6
"2017-10-19T23:59:00",37.7705,-122.4269,"SAN FRANCISCO DOWNTOWN, CA US",NA,6
"2017-10-20T00:59:00",37.7705,-122.4269,"SAN FRANCISCO DOWNTOWN, CA US",NA,6
"2017-10-20T23:59:00",37.7705,-122.4269,"SAN FRANCISCO DOWNTOWN, CA US",NA,6
"2017-10-21T23:59:00",37.7705,-122.4269,"SAN FRANCISCO DOWNTOWN, CA US",NA,6
"2017-10-22T23:59:00",37.7705,-122.4269,"SAN FRANCISCO DOWNTOWN, CA US",NA,6
"2017-10-23T23:59:00",37.7705,-122.4269,"SAN FRANCISCO DOWNTOWN, CA US",NA,6
"2017-10-24T23:59:00",37.7705,-122.4269,"SAN FRANCISCO DOWNTOWN, CA US",NA,6
"2017-10-25T23:59:00",37.7705,-122.4269,"SAN FRANCISCO DOWNTOWN, CA US",NA,6
"2017-10-26T23:59:00",37.7705,-122.4269,"SAN FRANCISCO DOWNTOWN, CA US",NA,6
"2017-10-27T23:59:00",37.7705,-122.4269,"SAN FRANCISCO DOWNTOWN, CA US",NA,6
"2017-10-28T23:59:00",37.7705,-122.4269,"SAN FRANCISCO DOWNTOWN, CA US",NA,6
"2017-10-29T23:59:00",37.7705,-122.4269,"SAN FRANCISCO DOWNTOWN, CA US",NA,6
"2017-10-30T23:59:00",37.7705,-122.4269,"SAN FRANCISCO DOWNTOWN, CA US",NA,6
"2017-10-31T23:59:00",37.7705,-122.4269,"SAN FRANCISCO DOWNTOWN, CA US",NA,6
"2017-10-31T23:59:00",37.7705,-122.4269,"SAN FRANCISCO DOWNTOWN, CA US",NA,6
"2017-11-01T23:59:00",37.7705,-122.4269,"SAN FRANCISCO DOWNTOWN, CA US",NA,6
"2017-11-02T23:59:00",37.7705,-122.4269,"SAN FRANCISCO DOWNTOWN, CA US",NA,6
"2017-11-03T02:59:00",37.7705,-122.4269,"SAN FRANCISCO DOWNTOWN, CA US",NA,6
"2017-11-03T03:59:00",37.7705,-122.4269,"SAN FRANCISCO DOWNTOWN, CA US",NA,6
"2017-11-03T23:59:00",37.7705,-122.4269,"SAN FRANCISCO DOWNTOWN, CA US",NA,6
"2017-11-04T02:59:00",37.7705,-122.4269,"SAN FRANCISCO DOWNTOWN, CA US",NA,6
"2017-11-04T03:59:00",37.7705,-122.4269,"SAN FRANCISCO DOWNTOWN, CA US",NA,6
"2017-11-04T23:59:00",37.7705,-122.4269,"SAN FRANCISCO DOWNTOWN, CA US",NA,6
"2017-11-05T23:59:00",37.7705,-122.4269,"SAN FRANCISCO DOWNTOWN, CA US",NA,6
"2017-11-06T23:59:00",37.7705,-122.4269,"SAN FRANCISCO DOWNTOWN, CA US",NA,6
"2017-11-07T23:59:00",37.7705,-122.4269,"SAN FRANCISCO DOWNTOWN, CA US",NA,6
"2017-11-08T21:59:00",37.7705,-122.4269,"SAN FRANCISCO DOWNTOWN, CA US",NA,6
"2017-11-08T22:59:00",37.7705,-122.4269,"SAN FRANCISCO DOWNTOWN, CA US",NA,6
"2017-11-08T23:59:00",37.7705,-122.4269,"SAN FRANCISCO DOWNTOWN, CA US",NA,6
"2017-11-08T23:59:00",37.7705,-122.4269,"SAN FRANCISCO DOWNTOWN, CA US",NA,6
"2017-11-09T00:59:00",37.7705,-122.4269,"SAN FRANCISCO DOWNTOWN, CA US",NA,6
"2017-11-09T23:59:00",37.7705,-122.4269,"SAN FRANCISCO DOWNTOWN, CA US",NA,6
"2017-11-10T07:59:00",37.7705,-122.4269,"SAN FRANCISCO DOWNTOWN, CA US",NA,6
"2017-11-10T10:59:00",37.7705,-122.4269,"SAN FRANCISCO DOWNTOWN, CA US",NA,6
"2017-11-10T11:59:00",37.7705,-122.4269,"SAN FRANCISCO DOWNTOWN, CA US",NA,6
"2017-11-10T23:59:00",37.7705,-122.4269,"SAN FRANCISCO DOWNTOWN, CA US",NA,6
"2017-11-11T23:59:00",37.7705,-122.4269,"SAN FRANCISCO DOWNTOWN, CA US",NA,6
"2017-11-12T23:59:00",37.7705,-122.4269,"SAN FRANCISCO DOWNTOWN, CA US",NA,6
"2017-11-13T16:59:00",37.7705,-122.4269,"SAN FRANCISCO DOWNTOWN, CA US",NA,6
"2017-11-13T17:59:00",37.7705,-122.4269,"SAN FRANCISCO DOWNTOWN, CA US",NA,6
"2017-11-13T23:59:00",37.7705,-122.4269,"SAN FRANCISCO DOWNTOWN, CA US",NA,6
"2017-11-14T23:59:00",37.7705,-122.4269,"SAN FRANCISCO DOWNTOWN, CA US",NA,6
"2017-11-15T08:59:00",37.7705,-122.4269,"SAN FRANCISCO DOWNTOWN, CA US",NA,6
"2017-11-15T20:59:00",37.7705,-122.4269,"SAN FRANCISCO DOWNTOWN, CA US",NA,6
"2017-11-15T21:59:00",37.7705,-122.4269,"SAN FRANCISCO DOWNTOWN, CA US",NA,6
"2017-11-15T23:59:00",37.7705,-122.4269,"SAN FRANCISCO DOWNTOWN, CA US",NA,6
"2017-11-15T23:59:00",37.7705,-122.4269,"SAN FRANCISCO DOWNTOWN, CA US",NA,6
"2017-11-16T00:59:00",37.7705,-122.4269,"SAN FRANCISCO DOWNTOWN, CA US",NA,6
"2017-11-16T01:59:00",37.7705,-122.4269,"SAN FRANCISCO DOWNTOWN, CA US",NA,6
"2017-11-16T02:59:00",37.7705,-122.4269,"SAN FRANCISCO DOWNTOWN, CA US",NA,6
"2017-11-16T03:59:00",37.7705,-122.4269,"SAN FRANCISCO DOWNTOWN, CA US",NA,6
"2017-11-16T04:59:00",37.7705,-122.4269,"SAN FRANCISCO DOWNTOWN, CA US",NA,6
"2017-11-16T05:59:00",37.7705,-122.4269,"SAN FRANCISCO DOWNTOWN, CA US",NA,6
"2017-11-16T06:59:00",37.7705,-122.4269,"SAN FRANCISCO DOWNTOWN, CA US",NA,6
"2017-11-16T07:59:00",37.7705,-122.4269,"SAN FRANCISCO DOWNTOWN, CA US",NA,6
"2017-11-16T08:59:00",37.7705,-122.4269,"SAN FRANCISCO DOWNTOWN, CA US",NA,6
"2017-11-16T09:59:00",37.7705,-122.4269,"SAN FRANCISCO DOWNTOWN, CA US",NA,6
"2017-11-16T10:59:00",37.7705,-122.4269,"SAN FRANCISCO DOWNTOWN, CA US",NA,6
"2017-11-16T11:59:00",37.7705,-122.4269,"SAN FRANCISCO DOWNTOWN, CA US",NA,6
"2017-11-16T12:59:00",37.7705,-122.4269,"SAN FRANCISCO DOWNTOWN, CA US",NA,6
"2017-11-16T13:59:00",37.7705,-122.4269,"SAN FRANCISCO DOWNTOWN, CA US",NA,6
"2017-11-16T15:59:00",37.7705,-122.4269,"SAN FRANCISCO DOWNTOWN, CA US",NA,6
"2017-11-16T16:59:00",37.7705,-122.4269,"SAN FRANCISCO DOWNTOWN, CA US",NA,6
"2017-11-16T21:59:00",37.7705,-122.4269,"SAN FRANCISCO DOWNTOWN, CA US",NA,6
"2017-11-16T22:59:00",37.7705,-122.4269,"SAN FRANCISCO DOWNTOWN, CA US",NA,6
"2017-11-16T23:59:00",37.7705,-122.4269,"SAN FRANCISCO DOWNTOWN, CA US",NA,6
"2017-11-16T23:59:00",37.7705,-122.4269,"SAN FRANCISCO DOWNTOWN, CA US",NA,6
"2017-11-17T23:59:00",37.7705,-122.4269,"SAN FRANCISCO DOWNTOWN, CA US",NA,6
"2017-11-18T23:59:00",37.7705,-122.4269,"SAN FRANCISCO DOWNTOWN, CA US",NA,6
"2017-11-19T23:59:00",37.7705,-122.4269,"SAN FRANCISCO DOWNTOWN, CA US",NA,6
"2017-11-20T23:59:00",37.7705,-122.4269,"SAN FRANCISCO DOWNTOWN, CA US",NA,6
"2017-11-21T23:59:00",37.7705,-122.4269,"SAN FRANCISCO DOWNTOWN, CA US",NA,6
"2017-11-22T23:59:00",37.7705,-122.4269,"SAN FRANCISCO DOWNTOWN, CA US",NA,6
"2017-11-23T23:59:00",37.7705,-122.4269,"SAN FRANCISCO DOWNTOWN, CA US",NA,6
"2017-11-24T23:59:00",37.7705,-122.4269,"SAN FRANCISCO DOWNTOWN, CA US",NA,6
"2017-11-25T23:59:00",37.7705,-122.4269,"SAN FRANCISCO DOWNTOWN, CA US",NA,6
"2017-11-26T09:59:00",37.7705,-122.4269,"SAN FRANCISCO DOWNTOWN, CA US",NA,6
"2017-11-26T11:59:00",37.7705,-122.4269,"SAN FRANCISCO DOWNTOWN, CA US",NA,6
"2017-11-26T13:59:00",37.7705,-122.4269,"SAN FRANCISCO DOWNTOWN, CA US",NA,6
"2017-11-26T14:59:00",37.7705,-122.4269,"SAN FRANCISCO DOWNTOWN, CA US",NA,6
"2017-11-26T23:59:00",37.7705,-122.4269,"SAN FRANCISCO DOWNTOWN, CA US",NA,6
"2017-11-27T00:59:00",37.7705,-122.4269,"SAN FRANCISCO DOWNTOWN, CA US",NA,6
"2017-11-27T01:59:00",37.7705,-122.4269,"SAN FRANCISCO DOWNTOWN, CA US",NA,6
"2017-11-27T03:59:00",37.7705,-122.4269,"SAN FRANCISCO DOWNTOWN, CA US",NA,6
"2017-11-27T23:59:00",37.7705,-122.4269,"SAN FRANCISCO DOWNTOWN, CA US",NA,6
"2017-11-28T23:59:00",37.7705,-122.4269,"SAN FRANCISCO DOWNTOWN, CA US",NA,6
"2017-11-29T23:59:00",37.7705,-122.4269,"SAN FRANCISCO DOWNTOWN, CA US",NA,6
"2017-11-30T23:59:00",37.7705,-122.4269,"SAN FRANCISCO DOWNTOWN, CA US",NA,6
"2017-11-30T23:59:00",37.7705,-122.4269,"SAN FRANCISCO DOWNTOWN, CA US",NA,6
"2017-12-01T23:59:00",37.7705,-122.4269,"SAN FRANCISCO DOWNTOWN, CA US",NA,6
"2017-12-02T23:59:00",37.7705,-122.4269,"SAN FRANCISCO DOWNTOWN, CA US",NA,6
"2017-12-02T23:59:00",37.7705,-122.4269,"SAN FRANCISCO DOWNTOWN, CA US",NA,6
"2017-12-03T23:59:00",37.7705,-122.4269,"SAN FRANCISCO DOWNTOWN, CA US",NA,6
"2017-12-04T23:59:00",37.7705,-122.4269,"SAN FRANCISCO DOWNTOWN, CA US",NA,6
"2017-12-05T23:59:00",37.7705,-122.4269,"SAN FRANCISCO DOWNTOWN, CA US",NA,6
"2017-12-06T23:59:00",37.7705,-122.4269,"SAN FRANCISCO DOWNTOWN, CA US",NA,6
"2017-12-07T23:59:00",37.7705,-122.4269,"SAN FRANCISCO DOWNTOWN, CA US",NA,6
"2017-12-08T23:59:00",37.7705,-122.4269,"SAN FRANCISCO DOWNTOWN, CA US",NA,6
"2017-12-09T23:59:00",37.7705,-122.4269,"SAN FRANCISCO DOWNTOWN, CA US",NA,6
"2017-12-10T23:59:00",37.7705,-122.4269,"SAN FRANCISCO DOWNTOWN, CA US",NA,6
"2017-12-11T23:59:00",37.7705,-122.4269,"SAN FRANCISCO DOWNTOWN, CA US",NA,6
"2017-12-12T23:59:00",37.7705,-122.4269,"SAN FRANCISCO DOWNTOWN, CA US",NA,6
"2017-12-13T23:59:00",37.7705,-122.4269,"SAN FRANCISCO DOWNTOWN, CA US",NA,6
"2017-12-14T23:59:00",37.7705,-122.4269,"SAN FRANCISCO DOWNTOWN, CA US",NA,6
"2017-12-15T23:59:00",37.7705,-122.4269,"SAN FRANCISCO DOWNTOWN, CA US",NA,6
"2017-12-16T23:59:00",37.7705,-122.4269,"SAN FRANCISCO DOWNTOWN, CA US",NA,6
"2017-12-17T23:59:00",37.7705,-122.4269,"SAN FRANCISCO DOWNTOWN, CA US",NA,6
"2017-12-18T23:59:00",37.7705,-122.4269,"SAN FRANCISCO DOWNTOWN, CA US",NA,6
"2017-12-19T23:59:00",37.7705,-122.4269,"SAN FRANCISCO DOWNTOWN, CA US",NA,6
"2017-12-20T01:59:00",37.7705,-122.4269,"SAN FRANCISCO DOWNTOWN, CA US",NA,6
"2017-12-20T02:59:00",37.7705,-122.4269,"SAN FRANCISCO DOWNTOWN, CA US",NA,6
"2017-12-20T23:59:00",37.7705,-122.4269,"SAN FRANCISCO DOWNTOWN, CA US",NA,6
"2017-12-21T23:59:00",37.7705,-122.4269,"SAN FRANCISCO DOWNTOWN, CA US",NA,6
"2017-12-22T23:59:00",37.7705,-122.4269,"SAN FRANCISCO DOWNTOWN, CA US",NA,6
"2017-12-23T23:59:00",37.7705,-122.4269,"SAN FRANCISCO DOWNTOWN, CA US",NA,6
"2017-12-24T23:59:00",37.7705,-122.4269,"SAN FRANCISCO DOWNTOWN, CA US",NA,6
"2017-12-25T23:59:00",37.7705,-122.4269,"SAN FRANCISCO DOWNTOWN, CA US",NA,6
"2017-12-26T23:59:00",37.7705,-122.4269,"SAN FRANCISCO DOWNTOWN, CA US",NA,6
"2017-12-27T23:59:00",37.7705,-122.4269,"SAN FRANCISCO DOWNTOWN, CA US",NA,6
"2017-12-28T23:59:00",37.7705,-122.4269,"SAN FRANCISCO DOWNTOWN, CA US",NA,6
"2017-12-29T23:59:00",37.7705,-122.4269,"SAN FRANCISCO DOWNTOWN, CA US",NA,6
"2017-12-30T23:59:00",37.7705,-122.4269,"SAN FRANCISCO DOWNTOWN, CA US",NA,6
"2017-12-31T23:59:00",37.7705,-122.4269,"SAN FRANCISCO DOWNTOWN, CA US",NA,6
"2017-12-31T23:59:00",37.7705,-122.4269,"SAN FRANCISCO DOWNTOWN, CA US",NA,6
